RWC,S1bmean,S1bstd,S1gmean,S1gstd,S1rmean,S1rstd,S2bmean,S2bstd,S2gmean,S2gstd,S2rmean,S2rstd,,,,,,,,,,,,,,,,,,,,,,,,,,,,,,,,,,,,,,,,,,,,,,,,,,,,,,,,,,,,,,,,,,,,,,,,,,,,,,,,,,,,,,,,,,,,,,,,,,,,,,,,,,,,,,,,,,,,,,,,,,,,,,,,,,,,,,,,,,,,,,,,,,,,,,,,,,,,,,,,,,,,,,,,,,,,,,,,,,,,,,,,,,,,,,,,,,,,,,,,,,,,,,,,,,,,,,,,,,,,,,,,,,,,,,,,,,,,,,,,,,,,,,,,,,,,,,,,,,,,,,,,,,,,,,,,,,,,,,,,,,,,,,,,,,,,,,,,,,,,,,,,,,,,,,,,,,,,,,,,,,,,,,,,,,,,,,,,,,,,,,,,,,,,,,,,,,,,,,,,,,,,,,,,,,,,,,,,,,,,,,,,,,,,,,,,,,,,,,,,,,,,,,,,,,,,,,,,,,,,,,,,,,,,,,,,,,,,,,,,,,,,,,,,,,,,,,,,,,,,,,,,,,,,,,,,,,,,,,,,,,,,,,,,,,,,,,,,,,,,,,,,,,,,,,,,,,,,,,,,,,,,,,,,,,,,,,,,,,,,,,,,,,,,,,,,,,,,,,,,,,,,,,,,,,,,,,,,,,,,,,,,,
97.213,2052,0,11,13,16,20,17,10,19,16,13,17,21,23,12,31,19,23,34,25,27,19,31,25,25,18,30,26,24,32,29,31,37,46,45,33,43,40,38,48,44,55,52,47,87,69,67,67,99,100,78,94,123,102,128,127,142,125,153,176,147,157,186,195,190,214,217,186,235,202,241,270,256,228,225,221,243,249,262,275,278,239,272,287,281,274,260,294,280,307,315,338,353,325,372,381,433,416,428,20244,788,1125,1785,1953,2362,2265,2647,2937,2782,2827,2816,2833,2702,2705,2594,2516,2499,2364,2336,2296,2143,2116,2069,2040,2002,1916,1874,1876,1827,1833,1857,1774,1793,1839,1865,1873,1887,1788,1837,1872,1978,1956,1975,2073,1987,2044,2104,2067,2040,2091,2111,2170,2026,2168,2085,2049,2066,2091,2008,2002,1996,1986,1937,1842,1834,1762,1719,1650,1642,1610,1511,1462,1449,1453,1307,1348,1233,1207,1128,1067,1115,1082,1093,1026,1064,1034,1005,992,956,970,829,866,906,848,808,881,787,714,97027,8601,3,94,184,123,166,129,125,123,170,142,155,144,179,197,173,183,218,237,247,205,216,223,214,253,206,238,222,222,268,239,277,254,329,303,320,313,380,338,413,355,397,449,442,453,496,462,512,541,646,654,691,717,752,868,871,985,982,1097,1224,1267,1297,1381,1519,1505,1561,1674,1836,1760,1879,1915,1946,1897,1934,1876,1946,1932,1979,1917,1938,1930,1955,2022,2098,2079,2143,2180,2312,2289,2324,2487,2563,2512,2570,2711,2754,3088,3162,3863,7519,6794,6102,6960,6120,6794,6149,5191,5000,4859,4786,4511,4422,4483,4391,4220,4349,4281,4245,4396,4366,4161,4275,4290,4541,4520,4422,4352,4206,4252,4220,3879,3756,3483,3300,2879,2673,2450,2173,1938,1725,1512,1418,1146,1054,920,788,670,593,501,484,414,324,342,243,246,210,182,181,150,143,119,124,109,99,81,90,56,60,54,51,38,36,56,31,41,26,38,24,20,29,25,19,21,17,18,22,13,15,18,9,18,14,15,14,9,12,19,7,158,5037,1,12,28,38,33,42,50,38,49,39,46,69,45,50,53,58,46,74,60,44,46,74,63,84,72,84,63,90,101,94,91,82,142,97,106,109,135,107,161,108,97,151,138,155,168,152,179,172,243,173,243,267,265,286,290,336,380,404,410,439,542,567,607,567,650,795,742,855,846,911,997,936,904,822,842,798,820,791,853,793,823,791,734,816,822,808,787,857,830,860,868,911,962,1005,1124,1229,1386,2923,13463,4023,4041,4125,4526,4086,4420,4245,3833,3373,3192,3244,3122,2816,2860,2865,2897,2917,2973,2836,2953,2931,2891,2819,2883,2982,3090,3269,3177,3380,3270,3413,3452,3622,3665,3680,3659,3842,3705,3679,3723,3532,3498,3384,3260,3229,3195,3022,2900,2878,2799,2696,2472,2396,2273,2175,2138,1934,1873,1688,1700,1523,1497,1364,1364,1307,1249,1158,1070,1023,1034,961,987,948,894,961,817,878,738,761,757,774,683,682,711,648,611,634,675,516,584,510,521,516,437,489,487,350,124,26030
97.6573,23869,122,199,220,226,233,194,221,208,231,257,250,252,259,250,261,273,248,283,301,273,264,273,313,355,288,271,293,366,346,389,325,361,415,456,420,447,449,454,496,513,496,495,580,586,585,608,620,631,610,631,640,625,667,638,681,674,643,654,620,605,631,649,593,661,620,731,643,668,698,745,734,703,748,819,803,878,912,892,929,922,987,1081,1015,1083,1128,1142,1132,1302,1278,1366,1429,1384,1511,1639,1639,1772,1923,1941,5456,2388,2717,3255,3596,4076,3998,4368,4766,4691,4956,4739,4852,4759,4634,4480,4349,4204,4072,4017,3892,3730,3719,3676,3548,3457,3464,3518,3398,3348,3297,3180,3165,3087,3036,3020,2880,2869,2741,2620,2614,2546,2418,2437,2326,2196,2121,2023,2024,1869,1858,1749,1624,1643,1570,1475,1436,1263,1286,1165,1174,1166,1127,1039,958,1018,940,864,868,781,785,749,708,658,641,647,594,506,521,467,462,441,403,402,377,357,329,323,288,295,330,258,264,216,220,233,211,200,110,9465,458,23,28,30,40,35,42,50,64,57,81,63,77,71,75,83,83,118,101,124,134,174,156,202,190,253,277,341,366,387,416,498,540,564,634,677,698,746,818,799,1013,1103,1263,1446,1659,1838,2133,2133,2264,2480,2444,2688,2820,3143,3234,3224,3378,3365,3310,3331,3247,3177,3139,3050,2938,2953,2992,2763,2863,2970,2918,3047,2865,2994,2989,3021,2936,2949,2955,2981,3050,2994,2974,3018,3054,3005,3119,3137,3142,3215,3390,3289,3617,3721,4048,4296,4772,4948,6286,7251,6302,5441,5556,4971,5362,5109,4623,4391,4219,4177,3994,4030,3995,3930,3924,3875,3783,3463,3287,2983,2764,2565,2446,2257,2008,1818,1698,1361,1291,1044,850,732,662,543,463,377,291,297,230,186,170,124,106,98,71,61,45,45,42,34,32,22,14,17,15,9,21,8,4,4,7,5,2,2,1,3,0,5,5,0,2,1,1,0,2,1,1,0,2,0,0,0,0,2,0,1,0,0,0,1,0,0,1,0,0,0,0,0,0,2463,93,79,139,118,162,161,163,172,141,165,184,209,204,225,245,248,227,274,280,269,329,306,349,372,418,412,453,460,443,489,534,542,568,603,633,667,755,740,768,916,985,1026,1135,1246,1288,1314,1483,1652,1703,1766,1762,1792,2006,2046,2019,2215,2286,2343,2341,2366,2327,2251,2224,2318,2189,2236,2208,2232,2312,2252,2337,2259,2344,2450,2412,2355,2436,2297,2365,2404,2386,2496,2603,2637,2616,2561,2680,2719,2705,2827,2857,2813,3028,3243,3462,3630,4059,4739,6646,6182,5890,5360,5327,4985,5198,5160,4738,4358,4243,4058,3922,3972,3922,3929,3930,3988,3976,3733,3686,3593,3556,3415,3122,3104,2918,2915,2645,2677,2491,2371,2278,2102,2019,1760,1638,1584,1364,1218,1135,993,912,807,771,702,628,546,499,420,421,349,285,266,248,235,172,177,132,136,123,109,89,97,71,68,58,69,54,52,35,32,26,30,25,29,20,15,25,12,19,20,15,8,14,11,13,13,6,8,8,11,8,9,7,4,5,4,5,145
97.7916,9832,7,31,45,36,46,54,47,37,50,45,68,61,58,59,75,54,65,92,81,73,63,92,85,82,71,82,92,100,95,95,99,72,121,78,97,85,120,109,151,98,88,108,144,132,146,148,158,145,178,151,170,191,183,221,198,237,243,263,252,278,282,284,303,299,314,422,370,414,454,476,512,489,510,566,540,568,542,539,589,548,533,602,552,566,626,558,617,565,604,576,589,640,567,698,705,709,682,696,38285,2692,1728,1982,1752,2050,1860,2037,2192,2160,2226,2219,2261,2115,2379,2372,2281,2423,2288,2394,2406,2243,2433,2279,2399,2349,2374,2305,2232,2390,2359,2317,2298,2329,2368,2216,2198,2328,2187,2185,2253,2253,2118,2159,2075,1987,2090,2041,2079,2036,1999,2102,2034,1960,1869,1842,1834,1751,1671,1639,1670,1632,1474,1562,1507,1422,1473,1350,1318,1285,1235,1189,1154,1146,1112,1174,1042,1075,922,946,948,950,845,776,755,765,701,671,661,632,674,604,558,617,547,552,565,505,349,66611,5675,6,106,234,120,153,180,222,157,207,266,224,239,301,267,274,436,384,537,509,548,516,592,534,550,505,501,554,560,550,627,609,596,631,570,600,702,717,750,839,857,875,884,872,974,976,1041,1053,1082,1173,1395,1393,1481,1554,1756,1736,1959,2031,2189,2391,2431,2544,2635,2754,2903,2994,3051,3317,3450,3670,3707,3754,3901,3715,3531,3418,3433,3366,3283,3342,3195,3250,3171,3196,3163,2926,2820,2887,2793,2865,2807,2774,2663,2710,2840,2699,2756,2833,2949,7999,4878,4649,5074,4904,5213,4787,4463,4288,4098,3949,3691,3612,3550,3452,3337,3317,3087,3150,3042,2886,2680,2779,2703,2698,2675,2610,2599,2419,2422,2403,2182,2179,2022,1819,1727,1572,1341,1251,1116,953,825,706,588,565,471,456,365,334,296,266,241,200,176,121,117,111,76,93,79,72,58,66,40,49,34,36,33,35,27,25,17,22,20,21,17,14,18,8,16,10,14,9,16,6,11,7,6,5,10,13,3,8,7,6,5,7,4,2,45,13738,9,69,126,181,168,168,152,147,166,148,193,202,184,221,223,214,182,248,248,197,180,279,246,286,216,276,258,310,322,270,301,281,354,306,361,343,422,379,435,391,419,464,461,501,516,512,529,620,646,564,655,690,784,767,844,884,830,924,1039,1057,1014,1087,1213,1262,1230,1480,1471,1658,1802,1866,1950,2025,2098,2239,2042,1880,1882,1875,1779,1745,1829,1778,1740,1747,1761,1726,1821,1793,1774,1771,1810,1780,1893,1990,1876,2030,2194,4111,15005,3929,3693,4095,4106,4305,4333,4207,4027,3772,3936,3615,3582,3544,3384,3485,3513,3472,3396,3391,3447,3227,3110,3105,2989,2873,2959,2810,2875,2863,2841,2782,2727,2826,2698,2597,2503,2593,2413,2300,2297,2128,2036,1990,1870,1815,1699,1614,1556,1422,1444,1355,1164,1184,1137,1151,1026,905,869,824,920,710,686,625,592,585,617,488,491,475,441,485,395,406,411,429,350,395,343,335,329,328,301,318,300,288,302,287,287,246,262,267,255,260,228,232,204,125,66,13194
98.5187,16450,17,76,83,85,104,113,91,97,112,97,109,120,150,123,145,124,128,202,145,158,132,191,160,186,157,143,180,203,168,198,188,175,223,187,242,215,244,225,261,244,329,243,275,354,321,357,351,389,480,418,435,468,532,516,544,526,539,576,625,572,639,607,635,629,636,790,698,765,762,783,832,758,793,759,742,758,743,751,790,692,807,795,761,725,817,757,801,818,839,755,863,830,842,905,883,918,945,929,54357,2441,2468,2828,2799,2994,3166,3470,3935,3567,3633,3579,3571,3276,3553,3432,2984,3099,2785,2922,2822,2686,2762,2557,2555,2434,2349,2369,2367,2239,2229,2068,2066,1980,1960,1815,1746,1848,1752,1577,1660,1582,1462,1477,1410,1334,1352,1274,1260,1217,1253,1191,1152,1019,1090,1078,1013,998,976,958,985,924,909,957,891,858,845,746,762,755,755,679,731,649,645,631,636,649,599,522,575,582,486,494,463,439,434,434,421,376,436,373,385,409,348,312,340,324,152,39440,19738,37,617,405,379,439,416,449,385,477,399,510,481,545,551,619,630,616,671,658,669,635,687,686,733,788,864,900,964,882,914,1087,1030,1030,1088,1116,1180,1128,1204,1199,1337,1399,1552,1542,1535,1647,1775,1880,1994,2075,2344,2363,2451,2546,2889,2848,3141,3218,3281,3576,3681,3510,3714,3698,3715,3734,3324,3321,3268,3434,3385,3271,3258,3216,2954,2853,2681,2533,2446,2342,2347,2254,2182,2082,1973,1964,1910,1881,1846,1794,1754,1746,1829,1845,1811,1784,1896,1963,2625,6065,4033,3975,4554,4676,5564,5396,4851,4441,4493,4069,3531,3357,3634,3258,3082,3247,2895,2934,2768,2606,2235,2201,2017,2012,1937,1858,1673,1617,1423,1393,1144,1182,916,930,794,618,584,515,463,425,362,299,293,233,195,190,147,138,138,96,98,91,76,57,42,44,40,41,23,36,20,22,15,18,11,8,3,6,5,12,7,5,5,1,7,3,2,2,1,1,2,1,4,0,2,1,0,1,1,0,3,1,0,0,0,0,0,1,1,25607,41,201,262,216,242,269,280,279,319,240,316,331,318,291,327,345,368,409,383,370,410,459,435,485,442,445,506,545,515,547,521,554,637,595,650,672,650,689,741,666,692,697,754,783,753,779,814,872,1030,956,1142,1165,1321,1310,1349,1535,1470,1518,1588,1629,1739,1755,1965,1976,1882,1946,1871,1882,1984,1979,1990,2070,2075,2023,1906,1937,1811,1753,1700,1654,1735,1691,1609,1648,1634,1561,1640,1592,1588,1533,1626,1531,1617,1714,1682,1754,2164,3605,23358,4237,4032,4629,4690,5301,5338,5216,4895,4514,4249,3971,3759,3498,3544,3528,3338,3404,3444,3139,3215,2928,2815,2708,2700,2619,2579,2581,2471,2427,2331,2256,2168,2134,1997,1910,1756,1723,1632,1569,1447,1317,1208,1193,1071,1000,941,846,789,709,753,663,594,562,565,484,434,412,401,328,387,325,317,280,254,235,279,171,193,144,138,161,128,128,113,127,111,114,75,72,85,90,53,63,69,64,53,54,48,27,62,37,67,42,29,29,28,11,6,3654
98.4411,10758,1,28,53,65,76,65,73,60,98,45,86,62,75,72,77,62,88,80,81,75,63,126,81,113,76,81,91,76,100,103,97,86,100,115,98,104,104,104,162,82,107,109,130,133,156,136,156,158,198,144,196,175,197,218,212,231,158,214,216,235,212,243,235,229,206,334,250,296,285,281,291,322,329,330,308,341,336,380,406,414,451,434,476,501,510,541,547,601,585,681,717,759,818,923,1017,1124,1128,1564,89758,4946,4666,4845,4859,5028,5515,5684,5773,5793,5785,5928,5807,5739,5646,5343,5148,4976,4831,4774,4542,4335,4111,3938,3807,3487,3233,3098,2732,2657,2343,2106,1978,1883,1608,1503,1426,1307,1260,1168,1074,1026,820,801,765,649,659,521,495,400,530,433,397,390,381,341,339,314,298,263,372,287,271,257,238,230,289,200,228,184,204,200,189,173,170,215,158,204,113,156,177,177,128,144,133,123,123,123,131,100,115,83,129,104,87,86,40,12,0,9659,53871,15,355,217,269,318,270,368,436,421,409,467,425,439,464,457,507,504,476,450,422,418,563,520,583,556,593,557,647,621,612,677,640,733,727,788,782,913,860,939,1018,1055,954,876,828,894,931,927,940,942,1077,1092,1059,1178,1202,1257,1284,1256,1219,1322,1257,1239,1276,1247,1266,1345,1306,1332,1296,1398,1383,1335,1410,1430,1426,1461,1458,1589,1558,1613,1734,1579,1711,1760,1744,1770,1888,1863,1962,1940,2110,2255,2399,2415,2576,2730,3012,3292,3658,34668,7205,6922,7164,7333,7396,7467,6695,6314,6097,5772,5514,4912,4623,4236,3939,3538,2862,2324,1826,1420,1020,786,518,352,243,145,95,76,37,17,13,8,8,6,4,3,2,5,0,0,1,0,3,2,1,0,0,1,1,0,1,0,0,0,0,0,0,0,1,0,0,0,0,0,0,0,0,0,0,0,0,0,0,0,0,0,0,0,0,0,0,0,0,0,0,0,0,0,0,0,0,0,0,0,0,0,0,0,1,28061,10,107,209,163,167,190,255,186,225,220,256,265,257,235,291,274,284,382,351,319,309,366,351,399,344,410,384,371,372,385,431,356,411,396,450,432,421,437,464,420,447,485,485,449,479,485,495,507,594,489,549,530,579,640,694,694,718,747,809,824,765,749,767,776,670,842,822,816,876,896,951,965,1013,1144,1088,1116,1197,1254,1220,1336,1462,1458,1533,1626,1597,1573,1712,1851,1839,1998,2082,2109,2189,2303,2426,2621,2839,5631,65032,6752,6443,6317,6858,6555,7280,7007,6530,6190,6067,5823,5706,5477,5211,4911,4811,4498,4355,4001,3642,3158,2716,2331,1891,1569,1172,878,717,536,414,312,212,209,154,109,81,63,60,63,44,38,27,30,17,17,24,16,18,11,17,7,14,15,7,9,6,6,5,5,11,5,3,3,6,4,11,1,2,6,2,2,4,3,1,6,3,2,1,3,2,1,4,3,2,4,0,0,4,4,4,0,0,0,1,1,0,0,0,220
98.4379,1377,1,4,7,18,19,21,24,20,23,20,26,29,21,36,31,26,29,31,24,27,36,45,35,45,51,42,46,62,58,46,61,52,84,69,76,79,79,84,113,82,108,120,114,118,140,125,148,149,169,141,171,165,167,180,193,227,213,238,219,243,305,317,356,379,389,499,516,556,633,736,856,931,962,1116,1140,1255,1469,1416,1428,1413,1423,1267,1318,1292,1401,1345,1316,1335,1298,1376,1433,1386,1473,1502,1442,1544,1512,1673,37000,1918,2360,2669,2753,3116,3075,3087,3277,3325,3319,3479,3543,3611,3694,3694,3696,3903,3839,3836,4071,3847,3973,4066,4086,3972,4057,4004,3994,3963,3910,3844,3667,3749,3581,3500,3417,3351,3264,3120,3067,2864,2791,2760,2661,2580,2445,2369,2232,2108,2009,1895,1770,1695,1704,1532,1420,1354,1284,1216,1240,1071,1086,996,1017,917,948,806,796,801,786,718,746,677,612,613,542,561,481,466,486,487,401,406,405,404,350,355,358,325,368,278,328,326,269,266,293,293,65,20056,19631,2,12,63,37,40,69,79,44,69,65,54,77,95,112,112,102,100,130,137,106,98,134,94,120,115,122,124,147,130,162,158,152,198,227,221,230,281,276,285,307,351,345,396,436,476,416,450,519,538,588,638,655,797,748,806,971,1046,1241,1326,1587,1715,2014,2257,2523,2718,3117,3388,3639,4067,4288,4633,5012,5144,5226,5288,5254,4989,4957,4691,4410,4373,4165,4147,4029,3816,3836,3725,3705,3605,3433,3534,3377,3181,3306,3188,3158,3185,3303,16370,4768,4585,4814,4748,5208,4940,4595,4444,4484,4457,4184,4271,4100,3861,3719,3493,3384,3070,2950,2725,2631,2509,2205,2187,1908,1737,1533,1357,1243,1057,917,774,716,613,477,395,323,295,285,197,189,168,138,92,102,81,62,61,43,38,33,30,23,28,21,12,17,15,11,12,13,6,8,2,4,2,1,2,1,1,2,2,1,0,0,2,0,0,0,0,1,0,1,0,0,0,0,0,0,0,0,0,0,0,0,1,1,0,1,6445,2,12,19,27,29,42,36,27,51,34,38,66,45,49,61,48,53,62,59,65,50,69,64,88,44,72,96,93,111,101,92,119,140,147,149,117,131,168,210,166,185,217,231,216,238,291,274,277,344,334,353,370,388,433,460,530,514,614,695,783,832,965,1092,1199,1307,1438,1656,1706,2044,2194,2579,2907,3393,3733,3869,3919,3833,3947,3896,3677,3619,3536,3480,3534,3358,3602,3428,3425,3457,3470,3430,3421,3296,3363,3415,3527,3506,4449,31329,5175,4999,4979,4912,5115,5183,5130,4889,4678,4722,4636,4414,4323,4231,4098,4030,3911,3726,3602,3560,3357,3304,3165,3055,2914,2946,2669,2593,2516,2275,2145,1998,1772,1615,1440,1330,1256,1060,925,915,850,675,678,620,518,478,454,418,369,350,276,256,215,249,210,214,183,161,145,163,121,119,129,132,109,115,85,79,66,89,75,62,56,57,85,47,63,47,48,34,53,22,47,37,30,30,39,31,29,31,19,18,24,7,18,12,5,2,2008
99.3005,48,0,0,0,0,0,0,0,0,0,0,0,0,2,1,0,1,0,1,0,0,0,0,1,1,0,0,0,0,0,0,1,0,6,1,0,2,1,2,2,0,1,5,2,6,1,9,7,5,8,6,4,8,3,13,10,13,13,21,8,7,22,16,21,28,25,57,49,47,51,86,85,106,145,165,192,268,310,364,427,454,526,568,628,707,724,802,896,938,1142,1186,1301,1429,1412,1320,1236,1319,1172,1118,13414,3004,2260,2677,2296,3015,2687,2841,3468,2929,2712,2737,2834,2351,2777,2755,2355,2514,2229,2451,2311,2172,2509,2347,2298,2309,2392,2546,2507,2686,2624,2670,2856,2862,2935,3094,2960,3258,3199,3312,3367,3232,3353,3387,3259,3239,3121,3207,3170,3081,3070,2919,3012,3026,2709,2770,2475,2436,2208,2164,2049,1885,1950,1921,1814,1833,1706,1752,1693,1644,1571,1535,1517,1436,1517,1518,1530,1540,1443,1430,1460,1406,1297,1361,1339,1343,1240,1333,1288,1116,1110,1203,1033,1077,1135,984,770,1385,94,53022,911,0,0,0,0,0,0,5,10,44,15,30,11,7,17,22,13,12,38,21,22,12,33,13,37,26,19,35,65,34,38,51,28,96,60,82,92,87,93,170,70,125,108,115,145,126,118,116,161,220,97,171,147,177,161,207,235,152,252,221,257,279,319,404,351,369,581,528,612,707,694,851,977,1120,1476,1905,2697,3371,4305,5120,5583,5987,6525,6718,6758,6444,6106,5525,5025,5121,4644,4836,5032,5151,5376,5367,5359,5147,5516,10432,7341,6897,7308,7666,7764,8066,7311,6991,7272,6832,6878,6051,6138,5700,5196,5348,5028,4923,4512,4681,4052,3673,3121,2782,2428,2044,1779,1553,1335,1103,854,817,700,636,441,345,345,274,232,198,184,156,161,141,106,93,74,65,70,55,54,48,46,32,30,26,32,20,13,12,14,9,10,4,11,6,8,6,4,3,7,2,0,0,1,1,3,0,0,1,0,0,0,0,1,0,0,0,0,0,0,0,0,0,0,0,0,0,128,125,0,0,1,0,0,0,0,0,0,0,1,2,2,0,4,1,0,2,3,1,1,4,0,4,1,2,0,8,0,3,2,0,15,0,3,8,3,3,17,2,8,2,6,9,15,8,7,5,35,3,7,16,16,27,24,32,13,21,35,37,34,47,54,57,52,137,89,106,128,149,158,199,221,281,361,560,885,1359,1850,2334,2864,3440,3595,3956,4022,3785,3398,2815,2374,1792,1676,1452,1408,1407,1369,1275,1426,2851,10105,3920,3520,4162,4002,4858,4955,4862,4976,4618,5004,4919,5014,4739,5289,5217,5491,5789,5814,6100,6287,6417,6778,6873,6964,6802,6637,6661,6431,6027,5746,5522,5246,4814,4601,4264,3895,3567,3319,3080,2820,2545,2277,2270,2030,1819,1641,1515,1449,1191,1439,1089,931,794,858,748,738,570,535,458,548,401,395,329,296,234,335,180,224,186,201,192,124,149,133,174,136,181,59,94,130,156,73,97,92,91,87,76,105,40,79,62,93,54,23,6,4,16,4,5829
99.3056,667,1,0,0,2,1,7,5,6,6,4,7,6,4,7,10,6,5,15,18,8,6,15,10,13,8,7,8,28,10,15,14,11,25,13,17,20,10,19,36,11,20,17,25,34,25,27,29,33,66,25,49,34,38,61,60,74,48,80,82,97,113,156,153,174,163,277,214,266,277,323,419,478,488,535,507,506,543,554,614,594,638,690,631,728,774,765,919,890,916,1028,1021,1056,1074,1254,1278,1294,1432,1483,17683,4302,3282,3722,3597,4143,4360,4918,5272,5437,6083,6939,7934,8815,9389,9665,9989,10438,10621,10648,10882,10617,10310,9963,9173,8514,7890,7224,6587,5876,5139,4386,3889,3338,2813,2367,1971,1588,1331,1150,922,799,608,672,528,520,459,374,392,234,419,310,268,264,306,235,214,185,208,147,254,183,164,174,147,155,212,83,130,107,108,99,113,100,78,112,76,140,47,62,101,96,64,62,78,54,59,52,43,46,72,41,82,61,19,4,4,0,0,6179,3546,0,1,78,42,37,81,85,68,88,95,71,92,69,62,109,83,74,98,102,88,85,122,84,136,93,124,113,152,135,128,146,147,199,205,226,207,247,286,258,267,316,372,425,404,513,570,489,519,506,607,643,818,795,914,1003,1139,1303,1364,1435,1528,1658,1901,2142,2457,2705,2406,3029,3328,3613,3704,3727,3665,3766,3574,3697,4068,4370,4743,4658,4931,5276,5733,5522,5856,5657,5630,5862,5568,5803,5971,6162,5948,5697,5589,5540,5488,5539,5456,16207,7530,7665,8297,8832,10072,10214,9217,8090,7187,5570,4159,3071,2212,1506,1047,736,476,267,166,95,59,33,15,17,11,5,4,4,1,0,3,0,0,1,0,0,0,0,0,0,0,0,0,0,0,0,0,0,0,0,0,0,0,0,0,0,0,0,0,0,0,0,0,0,0,0,0,0,0,0,0,0,0,0,0,0,0,0,0,0,0,0,0,0,0,0,0,0,0,0,0,0,0,0,0,0,0,0,0,2824,0,0,2,5,5,15,41,32,38,23,34,16,33,37,35,43,15,65,47,30,9,65,34,57,24,49,52,90,53,62,65,32,115,65,79,91,81,69,145,77,98,95,106,132,137,101,120,131,213,90,169,171,155,188,226,293,201,313,314,334,392,493,556,627,529,811,857,916,1026,1074,1302,1442,1440,1592,1596,1640,1668,1756,1804,1931,2002,2036,2070,2137,2223,2437,2524,2784,2985,3058,3447,3732,3982,4163,4572,5083,5554,7354,18200,9709,9678,9758,10370,10671,11038,11545,12041,12638,13052,12882,12033,10869,9761,8238,6851,5685,4515,3517,2794,2096,1524,1055,792,568,388,255,169,153,102,70,43,61,16,19,17,17,12,11,10,5,3,7,7,6,2,3,4,0,7,1,3,2,5,2,1,3,1,1,2,0,0,2,0,1,5,2,2,0,0,5,1,0,0,2,0,1,0,0,0,0,0,0,0,1,0,0,0,0,0,0,0,0,0,0,1,0,0,53
98.7441,898,0,2,5,5,5,4,7,8,10,6,14,8,4,13,12,11,7,17,17,19,10,24,18,13,16,16,14,16,16,15,14,13,19,21,22,22,25,19,34,16,21,22,24,26,22,33,25,28,41,18,50,44,38,51,30,50,40,41,35,55,48,56,53,70,44,104,57,79,74,88,98,78,93,86,93,115,119,121,133,139,148,146,162,156,173,205,223,236,242,251,288,295,332,358,407,421,465,458,18502,1671,1692,2318,2295,2914,3055,3499,4185,3857,4006,4133,4286,4364,4551,4610,4660,4653,4582,4764,4866,4632,4743,4594,4559,4534,4480,4600,4512,4556,4474,4304,4294,4159,4297,3979,3828,3769,3521,3466,3357,3168,3047,3022,2743,2706,2671,2454,2360,2218,2261,2065,1982,1948,1948,1705,1735,1535,1493,1419,1519,1384,1432,1262,1265,1216,1328,1028,1092,1066,1010,908,907,885,827,941,746,935,723,714,719,795,700,696,651,594,586,630,599,503,560,501,465,503,512,561,443,207,75,46268,4372,3,19,60,133,86,40,69,56,95,55,73,86,95,89,103,91,108,146,157,143,153,190,196,230,200,222,221,237,205,213,279,238,348,292,383,375,420,471,578,534,652,700,848,780,909,964,1016,1182,1090,1067,1213,1303,1411,1416,1585,1680,1783,1859,1855,1856,2001,2086,2182,2231,2353,2349,2423,2420,2599,2582,2630,2709,2863,2832,2943,3048,2981,3031,3242,3307,3190,3206,3332,3410,3292,3381,3378,3243,3231,3219,3272,3123,3161,3143,3128,3223,3113,3202,10845,5853,5928,6886,6890,8227,8024,7331,7080,7064,6759,6609,6272,5911,5508,5008,4614,4314,3882,3636,3190,2859,2618,2412,2239,1982,1746,1517,1418,1204,1081,895,908,794,738,617,577,510,483,441,369,291,286,280,245,209,184,171,148,147,145,111,138,115,99,99,77,74,69,58,47,54,51,47,41,29,34,17,27,21,23,15,16,16,16,18,2,9,9,11,11,10,6,3,8,4,8,2,8,2,0,2,2,2,1,4,1,0,3,143,4214,3,9,23,21,35,41,65,48,67,36,57,44,53,55,84,78,60,103,97,70,57,126,96,130,56,106,82,139,103,121,127,93,222,157,167,190,201,175,334,130,205,218,200,265,286,247,285,259,463,177,336,312,389,355,390,446,286,434,391,422,431,464,537,483,328,881,570,614,655,594,824,760,799,831,775,888,977,996,1196,1134,1270,1365,1381,1526,1688,1721,1994,2015,2185,2307,2445,2548,2695,2776,2837,3061,3321,4363,16094,6184,6497,7088,7560,7897,8464,8313,8213,7596,7852,8029,7685,7382,7394,7114,6761,6687,6341,5808,5425,5251,4855,4756,4160,3972,3718,3554,3288,2930,2788,2497,2258,2351,1897,1780,1678,1542,1439,1297,1195,1131,1001,987,854,836,788,683,677,577,641,499,470,432,447,392,364,332,302,288,331,293,264,247,221,211,252,189,189,157,163,151,141,137,112,150,118,145,82,88,104,82,73,98,86,80,82,52,55,56,70,45,46,45,24,42,27,23,34,2468
98.9893,980,0,0,0,1,2,2,0,1,9,5,24,10,9,12,12,5,1,13,20,9,4,15,15,30,4,12,11,25,21,13,15,1,29,11,12,19,21,9,34,8,19,25,19,34,36,22,22,17,83,10,33,37,38,48,56,74,18,48,59,55,55,50,67,56,31,172,62,109,94,90,121,137,127,115,133,158,146,170,245,154,246,246,239,276,357,379,396,434,558,615,720,782,967,1101,1268,1612,1909,2159,78655,8668,6701,6675,6140,6688,6666,6754,6634,6518,6123,6013,5718,5424,5350,5136,4949,4802,4692,4338,4149,4129,3999,3791,3598,3590,3272,3142,3068,2918,2888,2684,2711,2582,2405,2298,2116,2091,1861,1782,1670,1501,1327,1260,1201,1103,920,891,836,695,832,660,613,522,519,485,413,363,348,286,451,270,276,288,261,220,305,182,219,227,209,183,182,178,148,180,133,182,94,119,153,174,109,127,124,121,88,104,143,75,118,74,100,66,76,78,41,6,0,14220,19704,0,0,14,170,219,240,274,182,266,170,283,324,345,301,280,360,291,450,390,306,312,478,302,382,246,327,298,252,254,305,293,268,441,383,488,503,566,595,679,620,619,753,811,695,789,811,894,984,1111,1147,1200,1236,1348,1355,1358,1497,1529,1450,1517,1668,1682,1828,1948,2170,2618,2183,2471,2719,2937,3151,3312,3544,3967,4410,4574,5004,4966,5078,5495,5216,5356,5260,5237,5533,5418,5450,5660,5572,5838,5950,6082,6239,6347,6191,6373,6588,6513,10393,25198,8952,7679,7083,5483,4683,3399,2545,1943,1478,1123,834,569,461,335,233,183,118,80,66,37,23,17,14,9,5,10,6,7,5,2,4,3,2,1,1,0,1,0,1,0,0,1,0,0,0,0,0,0,0,0,0,0,0,0,0,0,0,0,0,0,0,0,0,0,0,0,0,0,0,0,0,0,0,0,0,0,0,0,0,0,0,0,0,0,0,0,0,0,0,0,0,0,0,0,0,0,0,0,0,12964,0,3,11,66,110,159,161,123,212,122,194,182,166,190,196,215,158,299,278,167,124,301,234,315,202,231,278,268,287,278,334,197,409,298,340,377,357,365,519,251,390,388,419,484,514,434,436,566,640,370,585,510,615,621,639,677,613,759,769,763,804,803,854,878,770,1041,1014,1106,1096,1173,1304,1311,1376,1392,1389,1554,1557,1665,1830,1797,1901,2089,2098,2248,2433,2664,2791,2972,3396,3681,4131,4605,5136,5786,6271,7251,7826,8740,53488,13487,11339,11595,11332,10424,9197,8127,6851,5922,5125,4305,3821,3074,2614,2182,1821,1559,1285,1024,843,681,544,477,349,308,211,190,124,104,102,64,59,99,24,28,34,26,25,17,21,17,9,14,13,14,15,6,7,3,25,3,7,7,7,6,1,2,4,2,26,0,3,5,1,0,10,0,3,7,1,4,0,3,0,9,2,1,0,1,2,3,0,3,3,1,0,0,0,0,0,0,0,0,0,0,0,0,0,182
98.0198,2292,4,8,8,5,9,15,10,11,7,9,17,14,16,14,19,13,9,16,20,15,12,21,14,21,23,19,18,28,28,22,20,15,28,23,23,29,32,33,43,29,27,28,16,38,42,29,34,32,65,24,44,34,39,45,32,54,31,42,51,52,45,59,56,63,59,101,63,66,63,71,90,78,82,110,107,100,122,123,137,131,164,143,167,166,167,157,200,217,215,241,258,277,290,397,352,433,465,790,79071,4095,2771,3113,3020,3429,3490,3626,4016,3724,3848,3949,3941,3855,3890,3854,3845,3851,3719,3563,3587,3244,3331,3263,3203,3103,3143,3050,3025,2849,2744,2775,2602,2585,2412,2350,2289,2123,2005,1979,1781,1769,1566,1706,1471,1439,1405,1340,1274,1137,1219,1084,1068,893,940,931,875,849,807,743,791,666,719,603,603,638,665,509,526,587,550,499,465,450,422,497,431,491,387,395,432,450,331,386,393,367,386,337,390,291,361,304,345,321,294,277,240,202,92,50882,38726,20,688,1022,746,1159,920,1040,707,1066,688,766,778,693,720,593,788,697,808,759,679,719,797,797,866,823,846,886,904,1005,987,1064,1025,1266,1147,1226,1169,1203,1225,1256,1260,1399,1318,1341,1408,1431,1464,1556,1600,1523,1636,1626,1688,1714,1652,1723,1785,1814,1703,1583,1747,1718,1695,1785,1742,1845,1910,1826,1804,1969,1819,1770,1877,1770,1823,1790,1735,1725,1664,1764,1792,1751,1881,1905,1958,1970,2146,2052,2058,2180,2166,2297,2398,2423,2501,2690,2710,2887,2995,11720,6122,5739,6179,6454,6771,6344,5852,5266,5028,4736,4338,3903,3554,3331,2911,2685,2460,2241,2029,1963,1746,1623,1463,1420,1293,1257,1134,1050,970,894,807,853,737,703,642,514,545,485,439,403,360,350,317,304,302,254,241,227,206,192,157,165,158,130,145,123,107,96,92,89,85,75,64,74,66,54,54,44,46,48,52,33,32,55,28,34,37,28,31,26,24,21,32,27,18,20,14,17,15,19,16,13,17,12,18,5,15,6,270,24213,9,33,81,149,104,154,198,126,199,113,229,223,185,170,216,201,143,303,240,182,159,346,226,333,206,242,201,280,238,244,246,169,396,280,287,309,320,304,491,210,320,347,328,397,360,330,353,361,616,259,446,368,465,477,496,637,355,588,547,564,605,625,619,628,426,1063,635,766,784,745,895,815,804,922,903,938,889,1004,1109,991,1037,1116,1067,1140,1259,1258,1294,1414,1399,1581,1462,1677,1665,1716,1842,1966,2277,4362,48910,5079,4924,5481,5629,6004,6070,5971,6013,5629,5448,5431,5373,5007,4900,4637,4401,4132,3928,3471,3574,3157,3029,2842,2682,2510,2350,2183,2020,1867,1777,1628,1469,1809,1299,1225,1320,1217,1134,1086,990,984,761,917,867,794,747,626,645,593,787,557,552,523,574,593,423,482,433,398,526,373,381,385,340,308,464,296,339,319,288,309,259,234,238,283,217,340,173,224,245,191,166,192,167,167,146,153,175,120,173,125,117,95,100,78,95,61,36,11170
98.2925,2481,0,6,6,18,14,24,18,16,25,14,26,18,24,24,24,22,23,35,28,27,23,33,29,35,24,26,30,45,37,37,39,36,58,40,43,42,46,52,89,34,57,61,56,62,67,57,77,82,116,47,83,87,110,93,98,128,84,120,122,115,116,140,133,139,116,260,133,157,191,170,207,212,224,238,260,267,292,283,352,338,382,409,397,465,475,508,538,594,629,657,707,716,787,886,981,946,1069,1690,29612,5086,3849,4253,4110,4159,4219,4550,4613,4299,4475,4463,4414,4384,4382,4398,4359,4528,4652,4471,4623,4492,4557,4427,4374,4231,4119,4029,3921,3800,3716,3523,3423,3484,3186,3129,3075,3074,2937,2882,2816,2743,2553,2611,2464,2375,2236,2121,2096,1894,2027,1820,1695,1528,1477,1429,1365,1284,1170,1139,1227,1087,1058,1073,1010,934,1046,835,880,817,810,776,761,739,623,754,625,739,487,518,594,567,498,518,493,488,423,437,475,363,375,348,376,357,387,307,298,183,31,33305,4577,3,83,289,116,159,217,158,102,162,167,180,225,185,188,207,222,247,262,293,327,326,380,394,405,388,369,417,465,567,614,640,675,839,869,944,887,1000,966,1003,926,995,1088,1143,1183,1363,1440,1436,1540,1572,1555,1745,1819,1842,1784,1753,1781,1748,1816,1793,1877,1884,1905,1966,2011,2138,2053,2130,2196,2371,2244,2411,2482,2611,2669,2868,2928,2910,3142,3238,3326,3382,3518,3507,3743,3650,3821,3868,3812,3697,3818,3884,4025,3811,3766,3845,3790,3902,4213,16850,7511,6529,6855,6806,6798,6688,6074,5758,5501,5344,5083,4844,4494,4267,3827,3631,3257,3031,2596,2336,2134,1819,1718,1456,1288,1177,1004,897,846,709,600,585,494,413,373,358,305,275,231,211,186,155,152,156,108,103,86,86,84,79,63,69,51,43,48,47,35,23,32,22,26,21,19,20,14,21,16,17,10,6,10,5,7,8,8,7,8,8,5,2,5,1,2,3,7,1,3,4,2,0,0,2,1,0,0,0,1,0,78,7868,4,15,48,49,70,98,112,83,142,86,145,115,131,137,155,135,120,191,176,142,125,256,178,262,174,191,222,291,245,248,285,147,410,271,299,355,379,349,527,221,379,382,437,440,467,430,477,473,683,397,580,563,615,646,707,769,630,772,769,801,827,815,893,891,692,1323,983,1095,1143,1147,1220,1298,1296,1416,1483,1536,1655,1662,1834,1714,1883,1831,1913,2065,2100,2195,2305,2389,2441,2509,2483,2693,2740,2920,3109,3237,3853,6427,18914,7209,6971,7039,7062,7198,7286,7354,7204,6965,6848,6889,6902,6423,6512,6065,5841,5786,5415,5112,4827,4284,4156,3904,3551,3324,2954,2713,2441,2282,2036,1905,1744,1711,1424,1342,1262,1170,937,898,822,767,742,662,544,552,521,388,415,335,389,313,273,265,244,246,211,190,191,138,217,143,128,129,111,98,141,77,111,83,79,104,78,61,60,76,51,62,45,50,69,54,45,39,42,29,29,26,36,35,36,21,24,22,10,14,9,13,8,1777
99.0756,41547,77,208,210,215,255,260,275,232,315,240,306,279,284,316,314,257,267,342,329,302,267,375,334,374,342,332,343,380,370,397,367,362,442,400,436,443,441,414,518,406,469,453,465,461,532,467,476,489,531,473,507,549,566,571,598,633,530,611,588,634,616,653,651,641,643,801,630,701,693,687,764,793,731,780,771,753,815,770,854,826,846,918,834,884,895,931,971,937,1016,1080,1040,1112,1104,1166,1179,1246,1291,1291,24551,1793,2149,2622,3060,3549,3809,4713,5254,5660,6027,6489,7089,7457,7887,7946,7900,7930,7652,7308,6773,6318,5808,5440,5030,4522,4139,3908,3405,3063,2810,2440,2225,2066,1695,1542,1330,1205,1075,894,766,628,559,520,483,440,390,324,308,234,293,208,200,174,197,164,148,160,130,100,149,95,113,105,88,83,126,68,80,61,72,91,56,69,49,76,40,74,35,50,66,66,37,56,65,40,35,46,50,27,43,25,23,23,20,25,13,9,0,3502,22853,1018,479,1035,1056,875,1317,1481,1576,1580,1763,1710,1553,1491,1357,1336,1417,1568,1638,1569,1660,1636,1484,1558,1469,1660,1660,1649,1618,1638,1690,1863,1968,1959,1927,1880,1903,1867,1944,1921,1923,1932,1847,1809,1888,1871,1768,1708,1689,1625,1604,1696,1600,1643,1635,1545,1571,1560,1510,1423,1420,1435,1367,1407,1334,1360,1369,1336,1353,1322,1336,1298,1332,1326,1280,1412,1360,1385,1405,1360,1449,1453,1479,1527,1547,1659,1694,1786,1878,1938,2052,2230,2354,2614,2754,2890,3232,3641,4212,6836,6889,7572,8971,9504,10717,9987,8873,8798,8516,7553,5991,4948,3736,2959,2118,1583,1230,883,694,503,356,281,196,113,95,69,51,34,18,20,12,10,10,0,2,0,2,0,1,3,1,0,1,1,0,1,1,1,0,0,0,0,0,0,0,0,0,0,0,0,1,0,0,0,0,0,0,0,0,0,0,0,0,0,0,0,0,0,0,0,0,0,0,0,0,0,0,0,0,0,0,0,0,0,0,0,0,0,0,42359,903,823,929,856,962,879,931,965,909,881,931,924,878,865,856,894,961,913,900,917,993,927,957,958,1061,1078,1088,1119,1117,1118,1114,1198,1166,1251,1243,1223,1328,1354,1290,1344,1349,1342,1275,1386,1354,1296,1407,1307,1389,1436,1367,1442,1443,1379,1382,1321,1336,1294,1243,1307,1290,1236,1186,1225,1194,1203,1182,1188,1239,1107,1139,1114,1201,1214,1088,1208,1165,1191,1181,1226,1243,1258,1282,1273,1304,1331,1313,1415,1467,1625,1642,1723,1829,1916,2055,2267,2533,3642,5351,5309,5809,6714,7705,8207,9413,9573,9177,8952,8881,8264,7620,6411,5687,4870,3957,3521,2866,2512,1943,1681,1421,1108,894,720,610,500,414,328,241,220,176,132,107,105,71,63,52,36,29,40,33,24,15,16,12,10,16,7,2,9,2,2,6,1,2,3,4,0,3,3,1,0,2,2,1,1,0,1,0,1,0,0,1,1,1,1,0,1,0,1,0,0,0,0,0,0,0,0,0,0,0,0,1,0,0,0,0,11
99.0307,22617,37,136,138,153,151,179,215,177,215,179,215,203,204,198,223,238,210,288,277,250,204,281,237,295,253,257,279,265,283,280,246,241,332,298,305,332,342,288,378,278,289,292,306,330,325,307,296,326,423,265,362,322,369,355,359,390,347,402,394,403,435,433,449,449,366,574,447,454,425,425,489,486,460,510,533,494,500,525,580,543,527,549,539,567,618,610,620,603,634,727,641,701,784,760,806,796,820,722,80375,2571,2541,2887,3001,3277,3467,3658,3911,4012,4239,4537,4776,4645,4733,4805,4791,4827,4605,4488,4345,4018,3861,3546,3354,3162,2934,2641,2513,2336,2158,1905,1765,1789,1472,1380,1264,1232,1158,1065,1050,939,898,912,796,839,732,672,686,589,709,626,561,570,545,512,479,407,438,367,424,362,358,316,325,300,300,216,216,235,212,194,155,153,161,184,144,192,107,129,132,166,109,105,128,121,100,144,131,84,117,84,104,121,83,89,71,34,1,22582,65466,493,1436,902,684,1088,949,1196,1210,1349,1157,1020,1049,997,1094,1203,1188,1287,1296,1242,1317,1397,1353,1485,1376,1473,1462,1410,1586,1610,1864,1937,2318,2325,2375,2553,2549,2536,2592,2351,2496,2306,2321,2260,2219,2168,2174,1937,1978,1877,2050,1960,1901,1848,1857,1832,1802,1832,1763,1768,1730,1725,1704,1640,1620,1628,1675,1607,1568,1538,1450,1513,1486,1384,1449,1358,1389,1327,1246,1209,1244,1287,1202,1139,1130,1077,1162,1167,1145,1208,1240,1142,1276,1350,1419,1461,1685,1713,2209,7061,5439,5825,6836,7131,8376,7698,6769,6035,5429,4573,3653,2755,2202,1834,1449,1015,808,604,441,361,236,173,116,105,74,46,37,29,12,9,11,7,6,1,2,1,3,2,1,1,0,2,0,0,0,0,1,0,0,0,0,0,1,0,0,0,1,0,0,0,0,0,1,1,0,0,0,0,0,0,0,0,0,0,0,0,0,0,0,0,0,0,0,0,0,0,0,0,0,0,0,0,0,0,0,0,0,0,1,60910,289,516,584,771,694,696,701,790,788,730,821,862,821,833,858,795,889,914,1036,904,858,1102,995,1102,1221,1227,1212,1174,1304,1385,1445,1420,1449,1378,1360,1407,1387,1357,1469,1320,1354,1374,1328,1373,1410,1375,1347,1353,1468,1425,1443,1358,1400,1378,1352,1309,1289,1248,1254,1295,1296,1303,1348,1290,1265,1391,1253,1372,1396,1429,1388,1422,1433,1479,1382,1473,1404,1476,1506,1507,1490,1526,1447,1522,1525,1513,1472,1539,1499,1555,1527,1588,1559,1753,1579,1711,2161,4344,21429,5129,5067,5574,6289,6538,7220,7083,6494,6147,5740,5259,4574,4059,3435,2985,2629,2172,1801,1500,1224,1052,902,724,594,556,429,367,310,233,200,168,136,148,89,94,66,60,53,38,40,29,21,30,25,19,13,13,12,5,24,8,9,8,16,11,9,8,10,3,10,2,7,4,4,1,4,5,3,4,2,5,2,4,4,3,6,6,0,2,4,2,1,2,7,3,4,1,0,1,2,1,2,3,2,1,0,0,0,176
97.0378,23044,49,117,89,113,103,102,109,115,119,122,126,119,111,116,139,135,97,124,125,119,118,134,109,133,124,127,116,157,157,123,125,119,143,112,127,168,146,122,163,143,112,143,158,171,165,123,162,181,214,150,179,152,190,198,187,228,146,180,203,164,206,199,206,186,163,294,203,246,233,194,253,264,263,291,289,326,336,324,356,350,348,375,411,379,420,415,427,451,512,480,514,490,570,555,596,623,583,600,53762,1694,2244,2601,2453,2586,2568,2859,3078,3062,3159,3262,3309,3370,3478,3480,3641,3615,3681,3664,3594,3361,3184,3222,2952,2906,2743,2784,2725,2592,2470,2427,2410,2406,2365,2189,2111,2175,1981,2003,1889,1860,1866,1891,1699,1700,1618,1522,1630,1472,1588,1429,1379,1389,1229,1320,1247,1238,1210,1200,1125,1150,1132,1102,1067,1044,1122,1001,1004,1028,1003,939,843,841,875,871,801,819,692,721,681,701,607,584,557,540,539,543,502,425,499,453,413,443,408,435,350,417,148,38937,34501,340,866,674,779,762,804,753,734,847,894,1026,1044,1154,1304,1274,1414,1503,1530,1585,1796,1894,1673,1821,1763,1873,1996,1997,1975,1913,1857,1823,1725,1661,1606,1572,1593,1547,1525,1525,1582,1469,1457,1523,1451,1417,1435,1487,1492,1394,1596,1438,1537,1460,1525,1467,1497,1465,1547,1550,1519,1528,1573,1553,1617,1690,1599,1691,1749,1757,1753,1802,1854,1860,1875,1905,2002,1936,1980,2092,2056,2049,2060,2133,2132,2156,2260,2301,2319,2322,2480,2409,2483,2541,2606,2599,2696,2856,3894,7855,6108,5729,7152,6820,7173,5682,4892,4436,4127,3750,3421,3186,3009,3003,2895,2651,2526,2325,2220,1977,1839,1705,1629,1486,1282,1131,1037,834,767,665,556,503,401,339,298,260,188,174,133,99,90,82,69,52,38,29,28,27,24,19,14,9,11,9,7,6,1,3,5,2,4,1,1,0,1,0,0,1,1,1,0,0,0,1,0,0,0,0,0,0,0,0,0,0,1,1,0,0,0,0,0,0,0,0,0,0,0,0,0,41426,219,454,472,391,517,490,587,485,509,510,525,485,489,514,499,509,470,577,503,523,481,646,542,621,556,556,545,605,542,560,582,581,693,617,592,593,615,627,709,536,634,582,638,642,712,635,637,613,855,594,687,718,661,730,744,805,711,828,769,794,807,832,834,796,697,1121,895,924,927,958,1069,1022,1056,1075,1052,1046,1132,1135,1117,1156,1192,1155,1243,1257,1277,1333,1399,1400,1499,1493,1551,1567,1713,1760,1885,1884,2137,2334,24927,4142,4229,4568,4802,5244,5333,6033,6094,5865,5667,5689,5376,5020,4714,4322,4140,3990,3890,3616,3527,3450,3201,3093,3136,2986,2795,2784,2694,2628,2525,2346,2255,2054,1971,1789,1677,1563,1435,1384,1176,1121,1008,951,824,766,704,646,563,492,480,405,378,333,317,293,241,218,212,163,228,166,167,153,136,104,122,76,91,72,79,81,63,68,45,68,59,50,48,49,42,57,40,48,31,45,23,38,36,36,32,25,29,18,19,14,14,14,8,1789
98.2308,5680,7,22,33,40,40,63,55,51,61,52,48,62,50,57,46,63,53,88,71,68,61,71,61,94,74,81,75,102,84,88,94,94,151,94,108,122,134,128,181,114,140,155,149,184,179,186,211,186,277,199,267,232,244,277,284,315,280,327,346,374,367,368,380,401,387,596,414,467,487,486,486,479,493,492,519,552,565,607,627,549,670,655,636,673,737,663,788,749,776,839,792,851,865,906,873,973,954,906,13581,1849,2022,2441,2353,2816,2806,3032,3640,3389,3392,3527,3693,3514,3830,3905,3724,3823,3878,3889,3919,3770,3927,3906,3891,3931,4062,4109,3969,3981,4122,4040,4056,4125,3904,3951,3821,3755,3724,3557,3370,3450,3174,3222,3079,2908,2870,2696,2730,2529,2601,2456,2229,2082,2081,2009,1877,1827,1727,1637,1707,1547,1489,1403,1403,1319,1321,1121,1148,1055,1056,1013,905,898,828,859,680,839,623,610,615,714,555,551,573,512,476,505,496,394,461,388,433,412,350,327,348,270,53,35204,7307,132,283,258,208,288,327,339,333,347,384,359,389,377,395,354,387,433,420,472,481,564,613,712,854,976,1017,1111,1057,1179,1242,1217,1299,1274,1327,1404,1422,1499,1626,1580,1788,1904,2007,2031,2087,2176,2278,2266,2285,2280,2704,2613,2741,2799,2875,2978,2813,3093,2969,3082,2999,3126,3223,3150,3095,3254,2875,3059,2976,3152,2995,3128,3007,3069,3138,3098,3108,3097,2940,3049,2917,2961,2853,2902,2831,2686,2793,2775,2771,2698,2645,2623,2709,2716,2681,2697,2736,2841,3147,5485,4811,4717,5516,5380,6603,6018,5760,5538,5809,5527,5117,4741,4384,4091,3532,3235,2869,2597,2410,1928,1708,1507,1247,1040,916,765,600,528,462,359,295,241,179,142,108,92,68,44,40,36,35,26,28,19,18,9,12,9,12,6,2,7,0,5,3,2,2,0,3,6,1,0,0,1,3,3,0,1,1,0,1,0,0,0,1,2,0,0,0,0,0,0,0,0,0,0,0,0,0,0,0,1,0,0,0,0,0,0,1,10710,21,89,188,193,147,187,170,192,218,169,205,221,223,244,237,228,242,269,281,285,223,300,267,343,298,317,333,361,351,401,371,330,487,435,460,498,540,485,628,541,591,615,705,712,747,765,795,869,945,834,894,968,1042,1050,1120,1186,1146,1299,1296,1381,1499,1508,1526,1537,1518,1675,1728,1682,1756,1715,1885,1821,1897,1909,1986,1951,2056,1999,2041,2097,2149,2133,2154,2232,2189,2208,2288,2326,2359,2362,2407,2435,2493,2642,2537,2706,2915,3109,7583,4312,4511,5101,5126,5615,5493,5989,6254,5705,5888,5835,5915,5912,5857,5576,5490,5393,5541,5184,5167,4886,4771,4587,4417,4192,4082,3640,3434,3099,2989,2570,2470,2071,1985,1669,1571,1474,1243,1124,1027,897,813,751,674,604,554,428,398,353,388,265,290,197,220,202,152,168,143,108,164,120,120,102,87,74,97,58,77,75,65,94,69,63,52,64,47,66,28,37,45,43,32,27,39,48,27,26,38,27,39,25,34,28,12,7,10,3,2,1698
98.9441,6762,28,80,95,100,96,78,87,91,99,102,126,104,92,83,88,102,88,112,100,101,115,114,106,136,115,107,142,109,122,133,128,116,142,128,156,140,147,131,167,151,171,154,152,156,167,158,165,178,206,165,197,175,205,192,193,238,202,230,232,202,221,219,236,237,232,270,246,262,288,256,273,257,255,299,263,284,294,283,310,314,364,344,371,365,332,348,386,408,368,413,468,476,512,515,540,538,561,545,33195,708,790,965,1108,1260,1447,1667,1894,2163,2323,2635,2850,3296,3777,4220,4734,5302,5780,6005,6531,6779,7070,7528,7744,7945,8025,7718,7653,7444,7208,6587,6242,5768,5372,4892,4445,4074,3753,3521,3170,2852,2665,2415,2236,1940,1818,1650,1572,1407,1242,1117,1059,975,922,853,738,709,681,584,571,558,526,507,483,405,388,400,396,328,325,330,339,299,327,310,277,279,270,228,231,228,190,216,200,223,195,191,187,163,173,146,183,156,158,138,147,128,71,25197,30634,182,449,581,408,487,420,566,449,478,524,508,520,503,554,530,575,615,610,647,784,773,786,787,838,859,891,855,929,925,977,979,984,1082,998,1065,1093,1130,1116,1027,1095,1051,1083,1037,1035,1047,1027,1085,1096,1003,1047,1094,1013,987,986,958,976,1003,1009,1023,1022,960,1047,1086,1078,1022,1092,1100,1163,1229,1229,1225,1257,1326,1356,1370,1431,1581,1505,1641,1629,1767,1785,1872,1921,1975,2101,2204,2215,2319,2369,2542,2590,2736,2920,2862,3021,3235,3271,3633,3836,4196,4730,5424,6456,7058,7859,8865,9911,10816,10875,10872,10443,9259,7724,6194,5066,4148,3603,2964,2343,2087,1658,1418,1213,911,753,602,488,421,313,247,194,162,112,102,79,59,65,44,31,22,23,19,16,13,3,9,3,7,7,1,4,1,4,0,1,0,1,2,1,0,1,0,0,0,0,1,0,0,0,0,0,0,0,0,0,0,0,0,0,0,0,0,0,0,0,0,0,0,0,0,0,0,0,0,0,0,0,12817,81,138,171,193,208,220,248,226,222,254,278,259,272,290,309,292,280,354,314,335,292,373,341,374,361,334,346,347,331,359,372,359,402,383,399,420,398,421,492,397,433,392,438,410,464,495,499,462,585,520,518,535,552,547,561,629,534,586,561,615,652,664,642,653,627,859,672,719,715,701,764,766,744,755,754,773,776,821,869,797,810,880,909,902,963,916,928,1028,1060,1073,1148,1118,1218,1263,1312,1472,1531,1543,23248,1942,2276,2552,2808,3194,3654,4422,4673,5058,5820,6525,7475,8177,8714,9604,9845,10324,10484,9630,9381,8513,7875,7410,6392,5689,5006,4334,3865,3475,2869,2661,2214,2197,1770,1560,1462,1317,1097,1019,888,857,675,731,580,544,492,448,403,354,463,317,272,255,273,281,236,214,198,174,263,172,174,175,159,147,188,128,133,140,122,121,99,113,82,123,76,119,52,69,96,85,60,82,67,66,63,64,46,56,61,54,55,37,38,22,23,14,1,3974
98.9633,7599,2,13,47,87,67,83,94,99,97,76,114,99,108,91,112,108,110,150,123,131,103,167,117,187,121,150,151,144,170,171,195,136,210,176,159,193,185,197,262,188,234,214,226,249,291,218,252,273,364,244,325,248,328,332,343,362,293,375,361,403,384,363,403,382,309,593,394,440,483,431,489,473,444,433,467,416,444,441,491,441,466,507,464,443,502,527,562,592,531,618,608,598,572,597,587,587,683,513,19674,614,746,785,891,895,981,1070,1208,1250,1216,1311,1370,1391,1576,1658,1545,1954,1766,1920,1977,1965,2296,2213,2313,2444,2503,2495,2690,2749,2784,2832,2951,2870,3218,3154,3130,3415,3440,3192,3308,3293,3323,3517,3467,3567,3617,3582,3551,3670,3646,3708,3653,3702,3655,3555,3350,3278,3123,3097,2930,2700,2512,2443,2211,2123,2015,1768,1741,1579,1518,1376,1313,1271,1187,1202,1101,1065,1017,1043,1015,1042,924,947,881,869,866,787,841,824,784,667,743,768,748,664,733,630,409,52424,174,0,33,16,9,29,33,17,24,28,25,34,36,27,27,30,31,30,29,46,31,36,54,48,67,51,58,60,70,94,101,85,128,151,186,219,299,312,366,404,476,594,710,821,920,943,1181,1216,1246,1486,1849,1838,1994,2055,2090,2251,2420,2709,2791,3200,3317,3815,4334,4859,5301,5313,5737,5473,5479,5355,5220,5273,5066,4844,4738,4413,4278,4001,3751,3669,3598,3465,3399,3230,3336,3405,3253,3399,3362,3371,3255,3184,3096,2962,3069,2877,2865,2796,2836,3268,2949,2848,3248,3198,3640,3358,3226,3552,3758,4090,4461,4727,4727,4412,4057,3780,3491,3639,3621,3637,3633,3884,3930,4095,3696,3463,3161,2649,2258,1835,1316,1032,693,593,406,292,234,181,158,118,95,75,63,36,40,33,40,23,23,18,16,16,17,10,4,10,7,7,4,5,7,5,2,5,1,4,2,2,0,0,4,0,3,1,3,0,1,0,1,1,0,0,0,0,0,1,0,0,0,1,0,1,0,0,1,0,0,0,16,3053,4,18,79,65,83,85,71,76,105,74,92,142,101,91,120,120,124,146,121,144,119,160,147,164,168,190,175,216,244,233,259,283,334,350,408,444,454,512,548,622,590,689,736,716,804,899,854,941,961,1000,1094,1128,1143,1294,1332,1409,1500,1466,1660,1642,1794,1898,2005,2021,2119,2174,2217,2209,2132,2246,2116,2249,2216,2295,2266,2251,2197,2340,2241,2235,2301,2292,2308,2451,2470,2478,2373,2508,2378,2404,2511,2532,2695,2563,2736,2843,2835,3011,3512,3323,3304,3268,3465,3723,3841,3939,4046,3982,4105,4238,4405,4246,4579,4933,4671,4978,4879,4838,4921,4787,4972,4757,4786,4461,4574,4340,4391,4331,4116,4068,3984,3708,3872,3507,3413,3241,2976,2776,2557,2324,2150,1928,1670,1407,1289,1059,893,743,640,552,455,396,388,294,282,193,178,155,148,129,126,108,85,71,83,54,65,45,48,34,44,31,20,29,17,26,5,10,14,13,8,9,8,3,10,11,13,2,13,3,4,9,5,5,0,0,1,370