0.141711,0.349274,0.165225,23.4142,0.00978683,0.829404,0.0894222,0.285975,0.151171,23.4917,0.00357493,0.882729,0.210395,0.106918,0,0,1,1,-0.049052,0.257315,11.3609,2893.37,0.561412,0.910298,-0.034417,0.218779,9.79586,2495.29,0.490398,0.930179,-0.0375046,0.088061,0,0,1,1
0.395614,0.487977,0.216577,23.5571,0.0115177,0.64491,0.195965,0.397263,0.191532,23.4405,0.01119,0.772247,0.164917,0.0703609,0,0,1,1,-0.189172,0.447619,29.2058,7438.36,0.596231,0.741587,-0.11755,0.340468,23.5314,5998.16,0.539723,0.836544,-0.0601781,0.0547321,0,0,1,1
0.756583,0.337725,1.46703,339.447,0.212348,0.616008,0.548552,0.495573,0.140541,0.140541,0.718106,0.616971,0.150214,0.0503231,0,0,1,1,-0.120714,0.385918,15.8445,4029.69,0.539737,0.846289,-0.166267,0.433422,29.4921,7508.12,0.51271,0.760378,-0.0224726,0.0299362,0,0,1,1
0.231632,0.421862,0.0899099,0.0899099,0.746993,0.750206,0.107156,0.309257,0.0583784,0.0583784,0.694585,0.868266,0.185631,0.0969084,0,0,1,1,-0.034884,0.341352,14.9214,3794.99,0.522476,0.853093,-0.0121969,0.211742,7.28072,1851.09,0.41701,0.935006,-0.0101487,0.0711272,0,0,1,1
0.466252,0.49021,0.399099,70.4207,0.00132728,0.634566,0.212798,0.409695,0.178919,23.3364,0.0163252,0.765124,0.169604,0.0779087,0,0,1,1,-0.0653224,0.412345,20.2708,5153.36,0.496331,0.800324,-0.0512004,0.293755,13.9914,3561.3,0.477481,0.887763,-0.0203839,0.0488615,0,0,1,1
0.757762,0.344086,1.60883,374.417,0.195997,0.612134,0.522276,0.497159,0.140721,0.140721,0.718538,0.615725,0.147203,0.0504992,0,0,1,1,-0.142728,0.398644,17.4063,4427.94,0.55892,0.832619,-0.156386,0.423888,28.7088,7309.31,0.509559,0.770948,-0.0230669,0.0292595,0,0,1,1
0.338098,0.472056,0.111892,0.111892,0.748616,0.674926,0.144901,0.351918,0.0677477,0.0677477,0.727401,0.829649,0.178088,0.0871301,0,0,1,1,-0.0261189,0.353121,15.2036,3865.39,0.459121,0.851593,-0.0330163,0.237542,9.43568,2401.38,0.49849,0.923715,-0.0157594,0.0512943,0,0,1,1
0.0796444,0.270742,0.0535135,0.0535135,0.629198,0.897236,0.0616889,0.24059,0.0491892,0.0491892,0.575248,0.915109,0.157501,0.0954926,0,0,1,1,-0.0576096,0.241579,11.3512,2893.54,0.58501,0.918834,-0.0345898,0.194811,7.99964,2038.54,0.521019,0.945665,-0.082729,0.0810874,0,0,1,1
0.603213,0.463971,0.878559,187.42,-0.00240568,0.612061,0.32927,0.466605,0.395495,70.2341,0.00400192,0.681884,0.132528,0.0573731,0,0,1,1,-0.319395,0.454386,32.0935,8176.39,0.621315,0.716652,-0.215242,0.405742,30.7468,7837.33,0.563232,0.774696,-0.049463,0.0375204,0,0,1,1
0.120446,0.327015,0.157297,23.4978,0.666245,0.852241,0.094751,0.294087,0.245225,46.9263,0.00122655,0.877787,0.153388,0.0851546,0,0,1,1,-0.0970956,0.300462,15.8986,4053.45,0.632943,0.876474,-0.068227,0.263262,13.8796,3537.84,0.563881,0.902573,-0.0866184,0.0721098,0,0,1,1
0.108896,0.31141,0.0618018,0.0618018,0.681616,0.864816,0.0915564,0.288413,0.0571171,0.0571171,0.655642,0.883335,0.153381,0.0853445,0,0,1,1,-0.086292,0.286403,13.8769,3537.93,0.656313,0.886955,-0.0630822,0.255188,13.0995,3338.94,0.564886,0.907438,-0.0886338,0.0750267,0,0,1,1
0.182067,0.38637,0.177658,23.4267,0.0111953,0.789909,0.127822,0.333892,0.0713514,0.0713514,0.680218,0.84298,0.196709,0.107868,0,0,1,1,-0.0715888,0.311628,15.5912,3970.9,0.568613,0.872423,-0.0555675,0.267818,13.5658,3455.56,0.532132,0.898912,-0.0489149,0.0856528,0,0,1,1
0.260422,0.439223,0.188108,23.5286,0.00984903,0.728612,0.172427,0.379795,0.448829,93.7195,0.00107533,0.799191,0.12473,0.0636582,0,0,1,1,-0.223318,0.418243,24.3524,6209.14,0.718603,0.75566,-0.144089,0.354878,20.3562,5189.92,0.665104,0.826704,-0.0865805,0.0557939,0,0,1,1
0.814749,0.307268,0.482883,93.662,0.000655081,0.639758,0.49561,0.499382,0.128288,0.128288,0.743295,0.623233,0.15519,0.0548698,0,0,1,1,-0.0644031,0.417023,14.8488,3771.58,0.536049,0.829531,-0.0529452,0.412515,21.8339,5551.35,0.445839,0.795245,-0.00966879,0.0313386,0,0,1,1
0.756048,0.393927,0.316757,46.9978,0.00202622,0.641826,0.410187,0.492136,0.220541,23.378,0.0192416,0.635207,0.182337,0.0588877,0,0,1,1,-0.0400273,0.450023,17.5218,4451.13,0.546766,0.783992,-0.0654426,0.350411,19.4247,4943.64,0.430142,0.84462,-0.0116796,0.0345993,0,0,1,1
0.365385,0.481345,0.340721,58.2344,0.0104438,0.66651,0.162489,0.368899,0.0711712,0.0711712,0.737258,0.814258,0.169824,0.0766017,0,0,1,1,-0.0217613,0.347462,13.5499,3443.97,0.461562,0.861011,-0.0255698,0.238444,8.84,2248.89,0.460459,0.926136,-0.00880256,0.0475762,0,0,1,1
0.674918,0.437608,0.498378,93.8605,-0.000971529,0.622198,0.392334,0.488287,0.217297,23.3748,0.0192132,0.642919,0.169129,0.0599079,0,0,1,1,-0.0489797,0.412479,16.0905,4087.28,0.482294,0.821451,-0.0769805,0.358379,20.5288,5224.83,0.429243,0.838457,-0.0158341,0.0382739,0,0,1,1
0.397944,0.488452,0.310811,46.8088,0.00787552,0.642255,0.219658,0.413942,0.101081,0.101081,0.705907,0.751952,0.155975,0.0712709,0,0,1,1,-0.223063,0.437869,31.7209,8083.38,0.576497,0.746523,-0.155443,0.371269,26.7915,6830.01,0.570016,0.806259,-0.0668706,0.0527589,0,0,1,1
0.439834,0.474472,0.398739,70.4204,0.00143588,0.654592,0.278807,0.445602,0.563964,116.992,0.167565,0.727412,0.11648,0.0507437,0,0,1,1,-0.390809,0.4561,31.9832,8153.58,0.696873,0.683515,-0.236948,0.415744,30.4214,7755.5,0.601528,0.76461,-0.0751194,0.0419017,0,0,1,1
0.65409,0.329594,1.86162,444.874,-0.00399119,0.693785,0.62697,0.4665,1.12757,233.801,0.0891845,0.576165,0.122311,0.0471288,0,0,1,1,-0.329839,0.36953,22.5342,5740.42,0.595009,0.814222,-0.379264,0.451473,45.1859,11514.6,0.500247,0.680117,-0.0473846,0.0315138,0,0,1,1
0.490405,0.488919,2.79766,679.033,0.164609,0.624306,0.355901,0.471388,1.32486,304.294,0.185024,0.678662,0.118898,0.0500988,0,0,1,1,-0.541599,0.470166,32.4414,8270.92,0.739715,0.627444,-0.400202,0.482414,37.6369,9594.76,0.671663,0.643195,-0.0942295,0.0445086,0,0,1,1
0.352954,0.477007,0.295135,46.8847,0.00610973,0.669837,0.175574,0.381777,0.364865,70.295,0.00223671,0.791585,0.153043,0.0700826,0,0,1,1,-0.159761,0.417905,27.2292,6934.75,0.557008,0.774722,-0.0959196,0.314821,19.0771,4861.69,0.545164,0.863776,-0.0504344,0.053414,0,0,1,1
0.10168,0.302242,0.0574775,0.0574775,0.681953,0.874703,0.0737793,0.261409,0.0533333,0.0533333,0.604903,0.902509,0.164015,0.0894032,0,0,1,1,-0.0669206,0.258013,12.9144,3291.99,0.584289,0.906977,-0.0450903,0.224805,10.3436,2635.79,0.524289,0.929225,-0.0816354,0.0800195,0,0,1,1
0.765,0.326187,1.23045,280.859,0.2469,0.620074,0.56201,0.494493,0.138198,0.138198,0.721351,0.620437,0.155489,0.0535903,0,0,1,1,-0.0960735,0.37644,14.4196,3666.57,0.535675,0.856649,-0.136208,0.433706,27.1086,6899.07,0.501016,0.769902,-0.0206593,0.0292868,0,0,1,1
0.11501,0.323495,0.436216,93.7984,0.427626,0.852727,0.0590942,0.237047,0.227207,46.9083,0.000618962,0.919828,0.191088,0.0961746,0,0,1,1,-0.0250733,0.20837,8.00901,2038.54,0.483804,0.937925,-0.0131174,0.155994,5.56847,1417.49,0.386958,0.960891,-0.024482,0.0752824,0,0,1,1
0.0726931,0.259527,0.0495495,0.0495495,0.635014,0.903963,0.0597333,0.237741,0.141622,23.4822,0.00206846,0.915606,0.176738,0.0974837,0,0,1,1,-0.0497389,0.224724,10.1106,2577.48,0.583461,0.928303,-0.0290571,0.181468,8.55099,2179.22,0.441998,0.947617,-0.0755751,0.0855789,0,0,1,1
0.160356,0.366935,0.0744144,0.0744144,0.718388,0.816626,0.0885333,0.284069,0.0565766,0.0565766,0.639911,0.888541,0.148412,0.0698105,0,0,1,1,-0.0892369,0.300261,16.547,4217.3,0.568237,0.879142,-0.0483223,0.228258,10.8472,2764.94,0.522104,0.928043,-0.0619185,0.054619,0,0,1,1
0.369307,0.482133,0.296937,46.978,0.00421127,0.661293,0.131342,0.337837,0.065045,0.065045,0.715787,0.842808,0.177605,0.0774514,0,0,1,1,-0.00779147,0.376959,13.7452,3490.39,0.519852,0.83016,-0.0266543,0.213483,8.23892,2097.13,0.464494,0.935772,-0.0175088,0.0539182,0,0,1,1
0.620001,0.44604,1.0645,234.47,-0.0038837,0.613496,0.440936,0.492586,1.07369,234.021,0.0891127,0.620069,0.122015,0.0568651,0,0,1,1,-0.420472,0.433583,32.6373,8316.97,0.640323,0.709619,-0.364443,0.465463,43.6092,11117.4,0.575681,0.664807,-0.0662185,0.0413847,0,0,1,1
0.177089,0.382219,0.182162,23.4312,0.0107859,0.791439,0.120356,0.325377,0.0727928,0.0727928,0.656228,0.848975,0.197773,0.10901,0,0,1,1,-0.0622624,0.297727,15.9126,4053.09,0.513677,0.880691,-0.0496824,0.254911,13.1515,3350.12,0.494579,0.907119,-0.0475191,0.0816536,0,0,1,1
0.103611,0.305292,0.101081,11.7714,0.0099816,0.87366,0.0786586,0.269952,0.100901,11.7712,0.00681965,0.896509,0.152445,0.094807,0,0,1,1,-0.0725031,0.26964,14.0627,3584.62,0.584005,0.898644,-0.0514576,0.235054,11.2164,2858.58,0.542699,0.922412,-0.0830904,0.0799419,0,0,1,1
0.801996,0.31081,0.952072,210.468,0.0981809,0.626535,0.538012,0.497103,0.144865,0.144865,0.709552,0.614294,0.158781,0.0539818,0,0,1,1,-0.0800544,0.379941,14.1045,3584.29,0.47563,0.858611,-0.100999,0.432371,25.9159,6594.17,0.497645,0.77044,-0.0167809,0.0297318,0,0,1,1
0.0913242,0.290702,0.426667,93.6973,0.000676318,0.881151,0.0535005,0.231394,0.780721,187.414,0.109939,0.921968,0.216461,0.117327,0,0,1,1,-0.0413136,0.222302,10.0685,2565.58,0.538733,0.928507,-0.0266182,0.195974,7.95477,2026.45,0.496665,0.943824,-0.0509181,0.0958771,0,0,1,1
0.805648,0.339297,0.695676,140.739,-0.0032231,0.623385,0.490549,0.49922,0.146667,0.146667,0.706308,0.612744,0.153188,0.0563068,0,0,1,1,-0.132508,0.430318,19.8479,5048.82,0.51973,0.809662,-0.109466,0.404533,25.2679,6430.96,0.451699,0.796854,-0.0175251,0.0337916,0,0,1,1
0.791258,0.363817,0.335676,47.0168,0.00158748,0.63199,0.419862,0.493512,0.226667,23.3841,0.019039,0.629396,0.147259,0.0553671,0,0,1,1,-0.160508,0.450117,24.442,6220.35,0.524174,0.779857,-0.0897702,0.385886,22.2351,5658.24,0.46474,0.814521,-0.0186564,0.0344034,0,0,1,1
0.0781511,0.268991,0.142883,23.4834,0.00307975,0.899488,0.0512,0.221211,0.135315,23.4759,0.00163545,0.928692,0.176618,0.0933784,0,0,1,1,-0.0379034,0.195574,8.04144,2050.16,0.567971,0.945562,-0.0253763,0.16334,6.9391,1769.06,0.444851,0.9599,-0.0633955,0.0845638,0,0,1,1
0.663689,0.460887,1.36901,304.521,0.0665829,0.602276,0.364483,0.480973,0.143423,0.143423,0.690025,0.64378,0.145761,0.062556,0,0,1,1,-0.314461,0.472604,38.3049,9757.35,0.531717,0.695306,-0.201496,0.423616,36.085,9195.51,0.509086,0.7449,-0.0404612,0.0423887,0,0,1,1
0.0865611,0.282153,0.145225,23.4858,0.00361007,0.888968,0.0625143,0.243468,0.232072,46.9132,0.000624555,0.913885,0.183418,0.0950201,0,0,1,1,-0.0527121,0.227358,9.55784,2436.79,0.622861,0.928191,-0.0346317,0.19129,9.05351,2307.91,0.482897,0.944461,-0.0718962,0.0872155,0,0,1,1
0.47631,0.484906,1.04973,234.272,0.0881594,0.635062,0.332774,0.466268,0.941982,210.458,0.000123072,0.695307,0.117385,0.048853,0,0,1,1,-0.467996,0.470291,29.5014,7521.36,0.749352,0.654848,-0.34567,0.468232,34.5586,8809.96,0.669199,0.67958,-0.0892508,0.0424356,0,0,1,1
0.698852,0.445688,0.799099,164,0.121791,0.629799,0.36174,0.479681,0.234054,23.4831,0.0142044,0.647189,0.1615,0.0615314,0,0,1,1,-0.228518,0.479231,33.9625,8645.25,0.50473,0.715418,-0.141643,0.384278,28.9189,7367.87,0.483058,0.798299,-0.0327543,0.0421312,0,0,1,1
0.147543,0.354631,0.0655856,0.0655856,0.740875,0.828017,0.08709,0.281932,0.0585586,0.0585586,0.632523,0.886294,0.142276,0.066414,0,0,1,1,-0.096581,0.304594,14.7533,3760.64,0.656786,0.875541,-0.0583942,0.244441,11.4894,2928.78,0.598436,0.915532,-0.0666174,0.059738,0,0,1,1
0.304117,0.459603,0.379099,70.3092,0.00286688,0.702572,0.225049,0.418265,0.37009,70.3002,0.0025727,0.754366,0.133143,0.0649689,0,0,1,1,-0.255211,0.434049,26.3306,6712.94,0.706912,0.740166,-0.209473,0.40933,25.6404,6537.1,0.678591,0.768392,-0.0934838,0.0541611,0,0,1,1
0.315823,0.464704,0.152252,11.8225,0.0243996,0.687545,0.158147,0.365773,0.225405,35.1447,0.0061807,0.806938,0.161128,0.0721014,0,0,1,1,-0.159533,0.406452,24.8766,6337.03,0.620379,0.780489,-0.0827246,0.29498,18.0632,4603.47,0.518534,0.877998,-0.0522228,0.0505758,0,0,1,1
0.301849,0.459086,0.205946,23.5465,0.500678,0.69266,0.147874,0.355551,0.175135,23.5157,0.00577345,0.819773,0.182289,0.0867995,0,0,1,1,-0.0861191,0.400808,21.3068,5423.09,0.569585,0.800771,-0.0298557,0.253544,10.8629,2764.77,0.453377,0.91289,-0.0250609,0.0623128,0,0,1,1
0.0684718,0.254045,0.221261,46.8108,0.0029569,0.914316,0.0680506,0.255059,0.318378,70.34,0.000118951,0.911417,0.148082,0.0863368,0,0,1,1,-0.060025,0.249007,9.92667,2530.43,0.651078,0.918925,-0.0502582,0.240378,10.0685,2565.77,0.584635,0.923269,-0.0900289,0.0678559,0,0,1,1
0.0849231,0.278699,0.0513514,0.0513514,0.669077,0.89225,0.0681813,0.251969,0.047027,0.047027,0.629075,0.910166,0.145159,0.0915998,0,0,1,1,-0.0615717,0.246243,10.0632,2565.49,0.65931,0.918127,-0.0419888,0.213216,9.1018,2319.72,0.558308,0.935794,-0.0853051,0.0769517,0,0,1,1
0.0722246,0.259298,0.0457658,0.0457658,0.654652,0.907639,0.0464,0.211193,0.13027,23.4708,0.00157676,0.935019,0.180716,0.0975143,0,0,1,1,-0.0318128,0.184246,7.30721,1862.51,0.55437,0.950305,-0.0208002,0.158185,6.66577,1698.76,0.394826,0.960762,-0.0728772,0.0841101,0,0,1,1
0.177622,0.382669,0.177477,23.4265,0.0110752,0.792261,0.127822,0.333892,0.0706306,0.0706306,0.685711,0.842393,0.195858,0.106672,0,0,1,1,-0.0673325,0.304213,15.3159,3900.6,0.564003,0.875349,-0.0553226,0.266243,13.2899,3385.36,0.542913,0.899631,-0.0518716,0.0867075,0,0,1,1
0.803992,0.32879,2.07027,491.398,0.270466,0.612567,0.542659,0.497252,0.25045,23.591,0.010051,0.606246,0.143287,0.0519306,0,0,1,1,-0.194962,0.411224,21.0811,5365.06,0.537057,0.816631,-0.190025,0.428726,33.9897,8656.58,0.461156,0.755575,-0.0284367,0.0302109,0,0,1,1
0.641867,0.324591,3.23586,796.265,0.0215821,0.726087,0.687932,0.441625,1.68613,374.036,0.0551392,0.577347,0.114268,0.0448001,0,0,1,1,-0.332908,0.315634,17.1067,4358.08,0.534092,0.874534,-0.462453,0.468553,50.6978,12919.3,0.532455,0.617778,-0.0514806,0.0309583,0,0,1,1
0.0778667,0.269285,0.23964,46.9207,0.000888521,0.896117,0.0634667,0.2467,0.42036,93.691,0.000465526,0.909998,0.160131,0.0897522,0,0,1,1,-0.0462326,0.213417,10.2932,2624.34,0.543055,0.932871,-0.0368513,0.196794,9.5591,2436.98,0.475679,0.942175,-0.0720594,0.0799635,0,0,1,1
0.792247,0.344203,0.788829,164.173,-0.003568,0.617699,0.494767,0.499608,0.237477,23.395,0.0185801,0.612554,0.150866,0.05718,0,0,1,1,-0.0840221,0.420141,16.2232,4123.33,0.517938,0.828195,-0.0996024,0.393291,24.2593,6173.48,0.426411,0.806646,-0.0131442,0.0319137,0,0,1,1
0.0406174,0.202412,0.391712,93.7539,0.199354,0.94565,0.0383275,0.202708,0.67009,164.054,0.362258,0.943638,0.184389,0.105877,0,0,1,1,-0.02539,0.172823,5.88324,1499.4,0.569912,0.957746,-0.0299015,0.193981,6.98919,1780.87,0.546545,0.949016,-0.0949059,0.0912627,0,0,1,1
0.651725,0.452157,0.498919,93.8611,-0.000940374,0.621484,0.357216,0.478879,0.118018,0.118018,0.741712,0.66256,0.167007,0.0621503,0,0,1,1,-0.0353249,0.409092,15.7735,4005.36,0.442667,0.821276,-0.0664218,0.347606,19.3342,4920.3,0.413805,0.847227,-0.0149551,0.0394972,0,0,1,1
0.0605789,0.238487,0.0434234,0.0434234,0.620896,0.918651,0.0531556,0.224344,0.0464865,0.0464865,0.542552,0.92415,0.181734,0.0957911,0,0,1,1,-0.0350702,0.191434,8.13495,2073.68,0.528477,0.946767,-0.0268755,0.171531,7.76847,1980.04,0.440919,0.953486,-0.0741954,0.0876146,0,0,1,1
0.0556444,0.23078,0.231351,46.9124,0.000441887,0.92064,0.0394667,0.195613,0.132432,23.473,0.00101884,0.940455,0.158439,0.0940457,0,0,1,1,-0.0188288,0.148221,5.79189,1476.06,0.430953,0.965399,-0.0141963,0.131938,5.37856,1370.8,0.305074,0.97094,-0.0556533,0.0718364,0,0,1,1
0.212182,0.409211,0.183423,23.4324,0.0122517,0.763209,0.0801333,0.271438,0.0495495,0.0495495,0.662344,0.897864,0.172317,0.0884248,0,0,1,1,-0.0205809,0.319289,12.3391,3138.96,0.523318,0.873694,-0.00935616,0.185182,5.25387,1335.66,0.446622,0.951396,-0.0121107,0.0671836,0,0,1,1
0.332492,0.469097,0.198198,23.5387,0.0111443,0.685655,0.167477,0.374587,0.36,70.3816,0.000890282,0.802958,0.124284,0.0642768,0,0,1,1,-0.256702,0.442805,29.2789,7462.78,0.662874,0.731907,-0.136208,0.349699,20.2665,5166.4,0.634857,0.836057,-0.0691997,0.0506934,0,0,1,1
0.813278,0.343058,1.35658,304.326,0.23087,0.622645,0.435972,0.494475,0.151892,0.151892,0.689982,0.617441,0.145132,0.0528003,0,0,1,1,-0.217996,0.452994,28.1618,7169.63,0.541478,0.759314,-0.110855,0.383895,23.5582,5997.64,0.489097,0.814477,-0.0219848,0.0336242,0,0,1,1
0.10015,0.301298,0.249369,46.9305,0.00129793,0.87016,0.0636444,0.246294,0.326486,70.3481,-5.24085e-05,0.910559,0.152652,0.087843,0,0,1,1,-0.0733182,0.266385,13.74,3502.97,0.596771,0.900304,-0.0286692,0.177983,8.68631,2214,0.418351,0.949936,-0.0602795,0.0704345,0,0,1,1
0.742981,0.379431,2.71586,655.61,0.0893322,0.606867,0.519354,0.496886,0.897838,187.348,-0.00200208,0.601075,0.138292,0.0520063,0,0,1,1,-0.293177,0.430776,26.4959,6748.02,0.577549,0.773757,-0.256003,0.437775,37.9744,9676.43,0.49894,0.730888,-0.0399575,0.0348096,0,0,1,1
0.69807,0.449233,0.70991,140.753,0.138919,0.635188,0.338569,0.47395,0.405586,70.1526,0.00521837,0.660929,0.153377,0.0599471,0,0,1,1,-0.204768,0.478008,33.505,8528.18,0.496133,0.722265,-0.113983,0.373889,26.6739,6793.87,0.450028,0.81246,-0.0296786,0.0413986,0,0,1,1
0.0486174,0.220482,0.486486,117.189,0.165804,0.936538,0.0456164,0.214452,0.582342,140.626,-0.00103732,0.936801,0.190487,0.107696,0,0,1,1,-0.0335677,0.191041,7.21459,1839.17,0.575486,0.949431,-0.0355773,0.204651,8.09117,2062.06,0.547889,0.942479,-0.100457,0.0919828,0,0,1,1
0.143822,0.350909,0.076036,0.076036,0.693104,0.825825,0.104711,0.306181,0.067027,0.067027,0.645124,0.865212,0.194501,0.103237,0,0,1,1,-0.048189,0.264498,12.1874,3104.17,0.552098,0.903408,-0.0394755,0.222901,10.8059,2752.95,0.497325,0.92582,-0.0505795,0.0880825,0,0,1,1
0.225512,0.419381,0.379459,70.4011,0.399299,0.747453,0.151996,0.361753,0.450991,93.7216,0.00092058,0.814815,0.134179,0.0693103,0,0,1,1,-0.179211,0.391726,25.5049,6502.05,0.64948,0.784142,-0.118473,0.339433,20.1764,5142.88,0.619311,0.839722,-0.077566,0.0630621,0,0,1,1
0.066968,0.251909,0.233874,46.915,0.000738686,0.908011,0.0415985,0.204654,0.499279,117.202,0.165686,0.936371,0.174789,0.0966078,0,0,1,1,-0.0265537,0.176574,6.75766,1722.2,0.536828,0.953296,-0.0196096,0.150719,6.06667,1546.45,0.428553,0.964335,-0.0568964,0.0774084,0,0,1,1
0.782933,0.35672,2.9836,725.442,0.106542,0.613715,0.559256,0.494067,0.817477,163.927,-0.00173772,0.595933,0.14929,0.0509973,0,0,1,1,-0.222066,0.427366,22.2337,5657.97,0.548986,0.798738,-0.237751,0.426965,36.6011,9324.95,0.479129,0.742706,-0.0335784,0.0322146,0,0,1,1
0.39703,0.489057,0.314595,46.9041,0.00585978,0.639072,0.191248,0.394024,0.289009,46.8786,0.00442914,0.771528,0.16312,0.0698308,0,0,1,1,-0.170937,0.438045,29.3892,7485.32,0.580935,0.747703,-0.0870329,0.310872,19.171,4884.94,0.513023,0.866483,-0.0479374,0.051014,0,0,1,1
0.764715,0.340578,1.56486,362.794,0.201071,0.611187,0.534337,0.497381,0.141982,0.141982,0.715644,0.615521,0.149956,0.0500082,0,0,1,1,-0.123575,0.391367,16.5344,4205.34,0.541093,0.840419,-0.152279,0.431687,29.4472,7496.41,0.509403,0.760446,-0.0216603,0.029327,0,0,1,1
0.665046,0.462311,0.246306,23.5868,0.00854784,0.62818,0.325226,0.46935,0.405405,70.1524,0.00519587,0.668518,0.159249,0.0623748,0,0,1,1,-0.176281,0.46224,30.6072,7789.69,0.475134,0.747249,-0.106764,0.358683,24.42,6220.05,0.458488,0.827784,-0.0295158,0.0412393,0,0,1,1
0.298982,0.458312,0.301081,46.7991,0.336306,0.691169,0.13766,0.344449,0.0825225,0.0825225,0.650489,0.829565,0.179329,0.0819172,0,0,1,1,-0.0802465,0.3947,21.3544,5434.99,0.538453,0.80664,-0.033972,0.243556,10.3508,2635.7,0.4778,0.921254,-0.0240997,0.0565687,0,0,1,1
0.213629,0.410668,0.27982,46.8694,0.00496032,0.761348,0.102578,0.303992,0.155315,23.4959,0.00412334,0.86962,0.185129,0.0953947,0,0,1,1,-0.0387998,0.318561,14.5034,3689.91,0.500326,0.869058,-0.0141879,0.198551,7.36811,1874.43,0.383726,0.941249,-0.0123981,0.0683981,0,0,1,1
0.0815458,0.275447,0.241261,46.9223,0.000972354,0.891333,0.0490651,0.22062,0.503784,117.206,0.165682,0.927766,0.190648,0.106477,0,0,1,1,-0.0329106,0.194732,8.13658,2073.77,0.535354,0.944262,-0.0236407,0.165446,7.44559,1897.94,0.406475,0.957218,-0.0579083,0.0857611,0,0,1,1
0.686999,0.451845,0.223604,23.4726,0.501469,0.646813,0.316647,0.465441,0.206486,23.4555,0.0145555,0.682908,0.191378,0.0679569,0,0,1,1,-0.0321932,0.465057,18.496,4696.9,0.585445,0.762072,-0.0395169,0.308554,14.6416,3725.24,0.427052,0.878335,-0.00995562,0.0428338,0,0,1,1
0.24255,0.428775,0.198559,23.5391,0.00885352,0.734058,0.125618,0.33131,0.0695495,0.0695495,0.682157,0.846446,0.174039,0.080084,0,0,1,1,-0.0689914,0.319599,17.0171,4334.47,0.514951,0.86793,-0.0345186,0.228452,8.92396,2272.5,0.524342,0.930672,-0.0250262,0.0547115,0,0,1,1
0.180622,0.384705,0.0927928,0.0927928,0.686029,0.787573,0.112533,0.316021,0.0720721,0.0720721,0.637363,0.856959,0.193105,0.099058,0,0,1,1,-0.0764787,0.297765,18.298,4662.15,0.503683,0.873661,-0.0423464,0.234312,11.9566,3045.68,0.471622,0.918376,-0.0516695,0.0715991,0,0,1,1
0.45578,0.496923,0.694234,140.554,-0.000701041,0.619759,0.217764,0.415013,0.561982,116.99,0.00176803,0.750972,0.143442,0.0658358,0,0,1,1,-0.17503,0.461864,31.7923,8093.84,0.518329,0.732644,-0.12035,0.348103,23.995,6114.96,0.522755,0.832456,-0.0455942,0.0507642,0,0,1,1
0.793513,0.328278,3.16685,772.398,0.187291,0.608964,0.575299,0.491807,1.00288,210.793,-0.00301879,0.595833,0.145108,0.0514366,0,0,1,1,-0.205757,0.411468,19.798,5036.82,0.547673,0.81886,-0.228977,0.432333,36.2836,9242.39,0.45272,0.74736,-0.0330653,0.0305656,0,0,1,1
0.767545,0.382039,1.81964,421.217,0.0948476,0.604795,0.457798,0.497364,0.238739,23.5793,0.0109569,0.616021,0.152033,0.055288,0,0,1,1,-0.217688,0.443662,28.5308,7262.73,0.510972,0.765732,-0.152667,0.408664,28.9342,7368.25,0.471213,0.784612,-0.0282371,0.0347368,0,0,1,1
0.170105,0.377401,0.27027,46.9514,0.499557,0.797959,0.131831,0.339962,0.354054,70.3757,0.000577177,0.834141,0.150855,0.0803901,0,0,1,1,-0.145361,0.359013,20.7705,5295.37,0.665399,0.821402,-0.101095,0.316779,18.6135,4744.71,0.596224,0.859416,-0.0861847,0.0713587,0,0,1,1
0.755736,0.395117,2.07153,492.04,0.619664,0.612691,0.464258,0.498611,0.227207,23.3847,0.0191119,0.620426,0.156279,0.0658625,0,0,1,1,-0.0704114,0.470824,18.1202,4603.44,0.586799,0.771441,-0.0827218,0.377312,23.1054,5880.48,0.449228,0.814032,-0.00870826,0.0318896,0,0,1,1
0.218585,0.413555,0.175315,23.5159,0.00899787,0.76271,0.113244,0.316891,0.0661261,0.0661261,0.67075,0.858725,0.198604,0.100293,0,0,1,1,-0.0415657,0.325426,14.2742,3631.23,0.52732,0.864686,-0.0189908,0.211918,9.25063,2354.97,0.358994,0.933105,-0.0243917,0.0696378,0,0,1,1
0.310203,0.462006,0.288829,46.7868,0.00784186,0.697762,0.143679,0.351392,0.156036,23.4966,0.00638464,0.832869,0.164105,0.0796869,0,0,1,1,-0.0174294,0.339659,13.2719,3373.49,0.467345,0.865913,-0.0223677,0.233733,8.33351,2120.01,0.464636,0.929143,-0.010438,0.0491107,0,0,1,1
0.328446,0.470402,0.39964,70.2382,0.251686,0.671141,0.157827,0.364579,0.0895495,0.0895495,0.660793,0.808995,0.193377,0.0907652,0,0,1,1,-0.0833516,0.416176,23.3332,5938.88,0.532019,0.786896,-0.0359954,0.275623,12.6995,3233.42,0.462716,0.899869,-0.0284141,0.0645137,0,0,1,1
0.323026,0.46699,0.478018,93.6571,0.0021831,0.688105,0.214275,0.411124,0.456396,93.727,0.00120769,0.763539,0.129148,0.0587639,0,0,1,1,-0.284507,0.449379,31.2479,7966.3,0.675383,0.710857,-0.186799,0.391972,24.4914,6243.92,0.659147,0.79012,-0.0864895,0.0495048,0,0,1,1
0.380005,0.484596,0.57964,117.099,0.000723683,0.653859,0.162952,0.372594,0.73009,164.022,-0.000847759,0.800971,0.144243,0.0642787,0,0,1,1,-0.162822,0.425665,28.5182,7262.71,0.546261,0.765654,-0.0890284,0.303671,18.5706,4732.81,0.521213,0.872832,-0.0455063,0.0509984,0,0,1,1
0.401435,0.488594,0.489369,93.8515,2.46017e-05,0.647983,0.198099,0.402437,0.916937,210.707,-0.000796359,0.770946,0.143645,0.0636517,0,0,1,1,-0.182008,0.430641,27.8746,7098.69,0.57368,0.762713,-0.127761,0.341557,23.7146,6045.3,0.528209,0.839633,-0.0518171,0.0483721,0,0,1,1
0.12919,0.336412,0.113333,11.7836,0.666456,0.843535,0.106048,0.308404,0.152793,23.4933,0.00444308,0.867608,0.152972,0.0806855,0,0,1,1,-0.109481,0.317068,15.2555,3889.42,0.688911,0.864527,-0.0785427,0.281411,13.4207,3420.77,0.627206,0.893519,-0.0895771,0.0734574,0,0,1,1
0.371315,0.482763,0.292432,46.882,0.00627046,0.661256,0.172374,0.378095,0.183784,23.4328,0.0106126,0.792447,0.155701,0.0673105,0,0,1,1,-0.172378,0.43345,26.7697,6817.49,0.605893,0.75884,-0.0898457,0.305753,18.5712,4732.9,0.539342,0.868911,-0.0497078,0.0506265,0,0,1,1
0.0605007,0.238587,0.137117,23.4777,0.00220572,0.918605,0.0603511,0.250673,0.691351,164.075,0.531856,0.909964,0.158533,0.0940797,0,0,1,1,-0.0498115,0.233415,11.3056,2881.92,0.555404,0.921389,-0.0431328,0.22629,10.8492,2764.85,0.509486,0.926392,-0.0855669,0.0847938,0,0,1,1
0.473733,0.496996,0.332613,46.8306,0.00734443,0.613932,0.254478,0.435474,0.113333,0.113333,0.701472,0.72102,0.153395,0.0646716,0,0,1,1,-0.278666,0.465474,37.6023,9582.33,0.574766,0.699325,-0.176421,0.383424,28.6292,7298.48,0.565813,0.794292,-0.0640817,0.0478873,0,0,1,1
0.425534,0.493817,0.223423,23.4724,0.0153288,0.631643,0.197637,0.398043,0.0962162,0.0962162,0.693476,0.774045,0.16075,0.0736722,0,0,1,1,-0.165132,0.451996,28.1132,7157.55,0.587157,0.742405,-0.0926244,0.316258,18.8953,4814.92,0.547094,0.862678,-0.0427539,0.049483,0,0,1,1
0.538808,0.465327,0.584144,117.287,-0.0010391,0.637267,0.399176,0.486485,0.918739,198.947,0.104036,0.641522,0.127174,0.0597284,0,0,1,1,-0.388054,0.431067,30.3823,7743.7,0.6547,0.728071,-0.336291,0.460914,39.7495,10133.3,0.600924,0.682192,-0.0717889,0.0432425,0,0,1,1
0.0684444,0.253911,0.229009,46.9101,0.000865755,0.909661,0.0583111,0.235843,0.227928,46.909,0.000592887,0.919816,0.153967,0.0949432,0,0,1,1,-0.0505492,0.222875,8.40919,2143.89,0.656459,0.93244,-0.0337025,0.18916,7.44685,1898.03,0.563001,0.947647,-0.0732598,0.0840239,0,0,1,1
0.17947,0.386442,0.354775,70.3764,0.499241,0.792859,0.13365,0.341076,0.261982,46.8515,0.00383409,0.8326,0.128991,0.0643995,0,0,1,1,-0.183237,0.389165,20.0798,5119.8,0.735644,0.791523,-0.112316,0.318971,18.6553,4756.6,0.634503,0.853977,-0.0894846,0.0631008,0,0,1,1
0.788379,0.356798,0.691351,140.735,-0.00337377,0.630929,0.499563,0.499974,0.242162,23.3996,0.0183253,0.609716,0.167467,0.0598099,0,0,1,1,-0.0480724,0.426323,15.405,3912.18,0.475214,0.823215,-0.0908392,0.395291,24.4923,6232.34,0.430537,0.800283,-0.0138484,0.0341011,0,0,1,1
0.478585,0.498158,0.312973,46.6279,0.0116223,0.624477,0.193956,0.395394,0.0798198,0.0798198,0.744547,0.783638,0.184985,0.0739417,0,0,1,1,-0.0105314,0.393593,15.6337,3971.03,0.493089,0.821339,-0.0205287,0.282617,10.2717,2612.19,0.486782,0.901657,-0.00711171,0.0492187,0,0,1,1
0.112,0.315366,0.0641441,0.0641441,0.679058,0.860295,0.0675556,0.250982,0.0533333,0.0533333,0.578817,0.907129,0.164639,0.089197,0,0,1,1,-0.0697265,0.262659,13.7416,3503.06,0.588185,0.900412,-0.0394213,0.206919,9.60649,2448.33,0.506532,0.937539,-0.079091,0.0790151,0,0,1,1
0.173156,0.378382,0.0828829,0.0828829,0.711258,0.798084,0.0908444,0.287388,0.06,0.06,0.637617,0.88206,0.166849,0.078581,0,0,1,1,-0.0888949,0.305879,17.5609,4475.05,0.556044,0.871275,-0.0497177,0.229656,11.6283,2964.02,0.520169,0.923123,-0.0638897,0.0596521,0,0,1,1
0.32231,0.466419,0.474595,93.6537,0.200906,0.689827,0.221271,0.415033,0.370991,70.3926,0.39936,0.759557,0.12001,0.0556778,0,0,1,1,-0.318804,0.462181,27.4335,6993.94,0.731795,0.702996,-0.204573,0.405547,26.6528,6794.77,0.646006,0.775361,-0.086719,0.0477629,0,0,1,1
0.182131,0.380832,0.585586,128.867,-7.63262e-05,0.810146,0.147845,0.355635,1.03964,245.841,0.0856324,0.832915,0.236441,0.219559,0.00990991,0.00990991,0.762869,0.973857,-0.0427975,0.234105,12.2802,3127.51,0.243735,0.926994,-0.0427205,0.218541,11.1267,2834.69,0.270031,0.937841,-0.0411006,0.0959598,0.367928,93.7301,0.599276,0.997118
0.312318,0.438435,8.65423,2177.95,0.232379,0.756198,0.277139,0.441218,9.43964,2376.22,0.209284,0.768015,0.0814484,0.0818902,0,0,1,1,-0.160734,0.36811,25.4366,6477.63,0.39823,0.82778,-0.153352,0.347005,27.8605,7098.4,0.319321,0.839639,-0.0315674,0.0398059,0,0,1,1
0.56186,0.405417,3.65351,901.349,-0.00795395,0.682368,0.463283,0.473404,6.89694,1720.14,0.0493742,0.648457,0.108634,0.0807637,0,0,1,1,-0.111739,0.345135,19.509,4966.88,0.395201,0.863827,-0.0511698,0.353302,19.1231,4860.91,0.241296,0.84685,-0.00942789,0.0262982,0,0,1,1
0.264572,0.428186,2.02252,491.716,0.0414488,0.763451,0.219659,0.413609,1.55658,374.273,0.357641,0.787192,0.205846,0.169899,0,0,1,1,-0.0120832,0.253447,10.0016,2541.99,0.273053,0.915333,-0.00927046,0.213753,8.3845,2132.01,0.108339,0.939162,0.000582874,0.0478112,0,0,1,1
0.376185,0.456744,3.5773,877.841,0.168499,0.701193,0.304364,0.451319,3.34396,818.798,0.072872,0.727135,0.156981,0.119838,0,0,1,1,-0.0474485,0.328003,17.451,4439.66,0.263504,0.869651,-0.0447735,0.296113,15.6523,3982.63,0.256719,0.888433,-0.0132736,0.0345277,0,0,1,1
0.573688,0.414763,3.99063,983.195,0.13429,0.662777,0.461927,0.481491,6.22126,1544.5,0.0704072,0.635683,0.116663,0.077189,0,0,1,1,-0.127116,0.357374,21.2555,5412.01,0.417673,0.849839,-0.0642874,0.358793,20.5921,5235.83,0.282928,0.838714,-0.0110273,0.0278165,0,0,1,1
0.437095,0.499839,8.54739,2142.83,0.234918,0.642618,0.325568,0.471913,3.49189,854.232,0.190805,0.691026,0.136231,0.104987,0,0,1,1,-0.0250124,0.363994,19.3479,4919.31,0.207425,0.843418,-0.0313732,0.286566,14.8299,3771.92,0.206811,0.892686,-0.00242696,0.0353588,0,0,1,1
0.154575,0.389178,5.54703,1394.03,0.372063,0.81972,0.144827,0.375396,4.30523,1076.78,0.370121,0.828328,0.11411,0.137475,0.00036036,0.00036036,-0.000180213,0.99964,-0.103419,0.298317,20.0429,5108.01,0.371878,0.884535,-0.0870228,0.283476,18.6643,4756.34,0.33076,0.894906,-0.0601526,0.0737804,0,0,1,1
0.361201,0.436413,6.36486,1591.42,0.187389,0.729987,0.267516,0.449834,11.7229,2961.74,0.130146,0.759454,0.0917318,0.0847371,0,0,1,1,-0.161263,0.366225,23.8258,6068.48,0.467759,0.829742,-0.12377,0.357282,24.6625,6278.46,0.31267,0.834557,-0.0340933,0.03953,0,0,1,1
0.11961,0.345577,4.06342,1019.01,0.272828,0.857726,0.101298,0.34331,5.99351,1510.54,0.305614,0.85765,0.118624,0.162862,0,0,1,1,-0.106539,0.297293,18.7503,4779.67,0.483581,0.88314,-0.0818095,0.277136,16.2726,4147,0.443957,0.899068,-0.0829178,0.0870636,0,0,1,1
0.140028,0.347898,2.7373,679.338,0.210716,0.852676,0.125979,0.343001,4.11658,1030.46,0.129205,0.854946,0.135194,0.167414,0,0,1,1,-0.109248,0.29552,18.9326,4826.63,0.472862,0.885272,-0.0870262,0.277229,17.2368,4393.31,0.406843,0.899145,-0.0827567,0.0866772,0,0,1,1
0.245614,0.415311,2.25063,550.479,0.314136,0.787932,0.206288,0.401018,2.83928,702.323,0.137516,0.815064,0.163003,0.152056,0.00324324,0.00324324,0.665037,0.993521,-0.077957,0.281854,15.7308,4006.6,0.395526,0.89674,-0.0660689,0.251516,13.1986,3361.93,0.316415,0.92084,-0.0280449,0.0616939,0.00018018,0.00018018,-9.00982e-05,0.99982
0.178956,0.447591,9.51946,2400.37,0.430985,0.759282,0.152357,0.4292,9.28216,2341.51,0.419392,0.771886,0.0831648,0.100373,0.00108108,0.00108108,0.399459,0.998559,-0.228645,0.393933,30.8348,7860.85,0.548801,0.783856,-0.164095,0.362481,28.6324,7297.93,0.470959,0.817817,-0.0710192,0.0612866,0,0,1,1
0.497073,0.3801,4.44054,1112.38,0.0113737,0.774393,0.469932,0.475293,7.50468,1872.46,0.0955605,0.646368,0.0864992,0.0675794,0,0,1,1,-0.0331159,0.340571,14.2378,3619.89,0.351533,0.878136,-0.0121517,0.367213,18.9499,4813.33,0.238661,0.830068,0.000686373,0.022485,0,0,1,1
0.450071,0.422185,4.61117,1147.02,0.0997673,0.730075,0.360337,0.458225,7.09964,1778.97,0.168529,0.727145,0.0975498,0.0881231,0,0,1,1,-0.0209968,0.320267,12.4941,3173.67,0.263562,0.885994,-0.00590293,0.288777,12.7295,3232.99,0.152895,0.888616,0.000420548,0.0265581,0,0,1,1
0.438595,0.4844,7.62685,1908.51,0.147897,0.655474,0.307117,0.463679,4.77261,1182.55,0.242065,0.726914,0.11796,0.0879408,0,0,1,1,-0.00277587,0.351181,16.1825,4110.89,0.277264,0.849573,0.000327427,0.259279,8.08324,2049.47,0.199322,0.913257,0.00227901,0.0303104,0,0,1,1
0.399037,0.445232,5.57622,1392.78,0.107221,0.724923,0.302858,0.453251,6.54739,1638.74,0.172856,0.737091,0.122212,0.117921,0,0,1,1,-0.0402018,0.314279,14.6486,3724.79,0.260353,0.885028,-0.0190822,0.279125,12.1292,3080.77,0.185757,0.89494,-0.00672198,0.0323041,0,0,1,1
0.343679,0.440207,6.18955,1545.29,0.107486,0.740037,0.289859,0.452624,7.93441,1989.23,0.117006,0.736716,0.105682,0.0914121,0,0,1,1,-0.210315,0.367771,30.2013,7696.56,0.401444,0.818336,-0.17608,0.36662,31.2132,7954.05,0.349844,0.81938,-0.0485326,0.0472193,0,0,1,1
0.350509,0.479516,11.0526,2786.93,0.242532,0.70079,0.276809,0.478691,14.091,3558.01,0.183778,0.712148,0.105513,0.0965793,0,0,1,1,-0.337565,0.420115,34.7946,8868.27,0.575911,0.73318,-0.247648,0.414626,38.522,9816.38,0.4262,0.755871,-0.070357,0.0586993,0,0,1,1
0.467846,0.428479,5.55153,1381,0.157776,0.702648,0.413205,0.475177,8.93568,2234.48,0.0593457,0.658066,0.0931691,0.0691328,0,0,1,1,-0.255771,0.400465,29.3411,7474.33,0.496789,0.786467,-0.204788,0.399003,33.5202,8539.59,0.383255,0.786251,-0.0359497,0.0353605,0,0,1,1
0.220596,0.446079,8.18631,2060.96,0.295795,0.761546,0.145716,0.46581,13.0486,3302.42,0.411301,0.760062,0.0678718,0.0761458,0,0,1,1,-0.345653,0.412936,33.5477,8552.48,0.622902,0.725069,-0.26654,0.404812,32.5407,8293.9,0.547024,0.764678,-0.0687898,0.0554904,0,0,1,1
0.339497,0.446414,6.92,1733.11,0.253051,0.729135,0.283992,0.439169,6.82252,1709.13,0.233794,0.763394,0.0906605,0.0823199,0,0,1,1,-0.167079,0.377288,27.1744,6923.3,0.463067,0.813745,-0.121637,0.329437,24.5562,6255.02,0.315301,0.85292,-0.0300752,0.0398149,0,0,1,1
0.168114,0.403026,4.54865,1136.11,0.380625,0.792078,0.153624,0.378381,2.89261,713.772,0.378549,0.812071,0.119566,0.133017,0,0,1,1,-0.116911,0.319789,22.5686,5752.4,0.428779,0.863755,-0.0944332,0.294464,20.4996,5224.71,0.380636,0.882467,-0.0659876,0.0715031,0,0,1,1
0.544504,0.387867,3.21802,796.064,-0.00689054,0.720558,0.492268,0.45147,6.38559,1591.44,0.0290987,0.66578,0.0939854,0.0776841,0,0,1,1,-0.0862328,0.322954,15.3294,3901.16,0.376884,0.88744,-0.041416,0.347629,17.4714,4439.31,0.239455,0.852218,-0.00715126,0.0247106,0,0,1,1
0.213764,0.41045,1.24829,292.273,0.137014,0.766837,0.164318,0.369491,0.357658,70.2877,0.00208535,0.81422,0.200385,0.194751,0.00396396,0.00396396,0.778,0.989038,-0.0364039,0.265001,14.6342,3725.05,0.209495,0.903446,-0.036605,0.216747,10.9488,2788.29,0.210201,0.936234,-0.0238286,0.0651648,0.0918919,23.4324,-0.000180213,0.99964
0.179595,0.387288,4.03333,1007.04,0.48008,0.822918,0.181612,0.386719,3.94739,983.335,0.228724,0.81763,0.155038,0.16046,0.00216216,0.00216216,0.645974,0.995859,-0.123933,0.311985,20.6874,5271.94,0.412713,0.873373,-0.104601,0.288404,19.3532,4932.35,0.322748,0.8936,-0.0662638,0.0938177,0.367568,93.7297,0.42785,0.998019
0.276751,0.455909,6.59892,1650.73,0.278009,0.726453,0.228981,0.427784,5.2173,1299.89,0.244364,0.76179,0.113051,0.0976483,0,0,1,1,-0.167057,0.366442,28.1809,7181.14,0.435909,0.81925,-0.131359,0.324978,24.0407,6126.86,0.364425,0.86176,-0.0498935,0.0472132,0,0,1,1
0.433118,0.47999,3.83279,935.807,0.122783,0.650097,0.322699,0.458322,1.42486,327.094,0.0660502,0.707561,0.176904,0.120768,0,0,1,1,-0.0442897,0.341049,18.9717,4825.66,0.219919,0.857052,-0.0348747,0.271788,13.6762,3479.2,0.204822,0.902888,-0.0117313,0.0382428,0,0,1,1
0.398372,0.45373,8.17315,2048.82,0.121031,0.694703,0.288444,0.484852,13.413,3383.19,0.167524,0.699207,0.0842716,0.0746578,0,0,1,1,-0.335971,0.422444,38.929,9922.46,0.526446,0.724591,-0.242571,0.423105,40.176,10237,0.414752,0.745458,-0.0523486,0.046845,0,0,1,1
0.265667,0.429992,3.22847,796.166,0.363867,0.768558,0.223743,0.416793,3.77495,936.39,0.123173,0.792426,0.154999,0.141901,0.00144144,0.00144144,0.713563,0.996759,-0.0843419,0.301545,19.1814,4885.04,0.354728,0.877012,-0.0744204,0.271575,16.0946,4099.96,0.31395,0.904693,-0.0274022,0.0563497,0,0,1,1
0.125049,0.374414,5.76973,1452.52,0.321588,0.833061,0.11437,0.365367,5.86306,1474.76,0.382837,0.837385,0.100211,0.132842,0.00036036,0.00036036,-0.000180213,0.99964,-0.102381,0.295862,19.489,4967.32,0.411154,0.885446,-0.0789081,0.280632,17.6541,4498.21,0.363361,0.895671,-0.0611948,0.0747351,0,0,1,1
0.515011,0.385629,2.98234,737.66,-0.00645103,0.737588,0.462428,0.457928,6.7009,1672.99,0.026708,0.671605,0.0921394,0.0724908,0,0,1,1,-0.0830026,0.334307,15.238,3877.73,0.450319,0.878825,-0.0291856,0.34339,16.3234,4146.32,0.277823,0.853899,-0.00453661,0.0241381,0,0,1,1
0.110234,0.339805,3.55477,890.129,0.379993,0.859541,0.0982625,0.298947,0.751351,175.622,0.117004,0.881623,0.180152,0.201405,0.00216216,0.00216216,0.758914,0.994421,-0.0322703,0.239692,10.1229,2577.4,0.320851,0.928489,-0.0392042,0.197176,8.78072,2237.71,0.375951,0.949211,-0.0547761,0.106897,0.183784,46.8649,0.599639,0.998739
0.509287,0.41092,4.3755,1088.89,0.0317399,0.704466,0.423385,0.458816,5.9373,1474.1,0.13692,0.687882,0.10132,0.0933679,0,0,1,1,-0.0306941,0.338284,14.7499,3748.6,0.27113,0.868475,-0.0399242,0.330808,18.3814,4672.99,0.19652,0.857786,-0.00478075,0.0253002,0,0,1,1
0.471684,0.400692,4.13838,1030.3,-0.0085912,0.751279,0.428849,0.463525,6.62541,1650.49,0.207448,0.689051,0.0845452,0.0760657,0,0,1,1,-0.0391967,0.324825,12.9058,3280.49,0.290709,0.885502,-0.0569339,0.346363,20.6804,5258.71,0.219977,0.84568,-0.0061861,0.0247825,0,0,1,1
0.15178,0.352295,1.91766,468.179,0.127282,0.853226,0.132756,0.33751,1.08468,257.465,0.265304,0.859105,0.164556,0.194822,0.00792793,0.00792793,0.795956,0.976361,-0.0617703,0.242742,13.4256,3420.23,0.306092,0.92335,-0.0549849,0.234889,12.7825,3256.48,0.279121,0.928127,-0.0537101,0.1085,0.644324,164.028,0.415399,0.995318
0.37866,0.436359,8.33532,2095.57,0.142776,0.751464,0.33112,0.476088,10.3375,2598.94,0.156762,0.716719,0.0918333,0.0727336,0,0,1,1,-0.104863,0.353821,21.7268,5528.9,0.270584,0.84947,-0.0988424,0.365234,26.1822,6663.91,0.218249,0.829133,-0.0208188,0.0327207,0,0,1,1
0.142173,0.351224,1.72685,421.674,0.276525,0.845312,0.134231,0.344337,1.08468,257.465,0.351433,0.847594,0.164744,0.204999,0.00882883,0.00882883,0.810572,0.971927,-0.065104,0.253851,13.6564,3478.99,0.349497,0.918399,-0.0598458,0.241718,13.9295,3549.56,0.268645,0.925197,-0.0575349,0.130206,0.966306,246.042,0.4859,0.992258
0.244622,0.444563,6.86865,1721.12,0.254703,0.74687,0.173633,0.440746,9.79784,2470.49,0.357709,0.767371,0.0828547,0.0802977,0,0,1,1,-0.333131,0.416607,34.3733,8763.64,0.614034,0.725129,-0.248314,0.402929,34.5573,8808.59,0.507591,0.768094,-0.0786971,0.0582372,0,0,1,1
0.590993,0.436972,6.13045,1522.17,0.0959785,0.617757,0.448102,0.477809,3.72721,901.148,0.198416,0.632498,0.129459,0.0999459,0,0,1,1,-0.131396,0.41158,28.7213,7309.6,0.360904,0.787541,-0.09897,0.349653,25.1225,6394.98,0.267939,0.836818,-0.0187277,0.0339777,0,0,1,1
0.220644,0.430874,5.89315,1475.25,0.338609,0.764669,0.183586,0.412943,6.25784,1569.25,0.361168,0.787476,0.107184,0.0968316,0,0,1,1,-0.150072,0.345372,25.4631,6490.15,0.460107,0.839577,-0.11727,0.314252,21.9277,5588.1,0.365497,0.872902,-0.0543125,0.0510379,0,0,1,1
0.157524,0.436945,10.0596,2541.68,0.466287,0.775479,0.125744,0.429931,11.3895,2879.8,0.425272,0.77999,0.0784724,0.0933019,0,0,1,1,-0.230364,0.392357,32.3072,8235.23,0.514297,0.782012,-0.191968,0.378547,31.94,8141.5,0.473467,0.797008,-0.078151,0.0668169,0,0,1,1
0.319666,0.45965,6.31514,1581.25,0.328198,0.720209,0.270084,0.437997,4.43153,1100.43,0.279009,0.758623,0.135562,0.152055,0.00036036,0.00036036,0.49982,0.99946,-0.144023,0.374444,26.3998,6723.67,0.400327,0.822902,-0.125406,0.33438,26.0677,6641.74,0.335289,0.848531,-0.0400902,0.0554458,0,0,1,1
0.3184,0.466155,5.77459,1439.84,0.224299,0.723864,0.253889,0.440132,3.24306,796.272,0.202616,0.754342,0.14134,0.111659,0,0,1,1,-0.0181097,0.316101,15.1214,3842.15,0.27122,0.869629,-0.026686,0.25202,11.6519,2963.04,0.207707,0.914844,-0.00769283,0.0430918,0,0,1,1
0.169553,0.379618,2.38144,585.803,0.353873,0.80805,0.152431,0.373167,3.53387,878.163,0.278727,0.814739,0.110438,0.130766,0.00144144,0.00144144,0.763983,0.996219,-0.146756,0.335057,23.4364,5974.91,0.512023,0.848144,-0.123309,0.31853,22.8868,5833.95,0.417871,0.866225,-0.0906936,0.101246,0.367568,93.7297,0.78875,0.99586
0.1533,0.365946,3.66685,913.582,0.19665,0.832438,0.147404,0.361413,3.4845,865.803,0.189484,0.836161,0.133066,0.161965,0.00036036,0.00036036,-0.000180213,0.99964,-0.109785,0.30215,21.3243,5435.69,0.429741,0.874486,-0.0869834,0.278421,18.6164,4744.62,0.366447,0.894436,-0.0738364,0.0815891,0,0,1,1
0.163126,0.363965,1.55495,374.729,0.197109,0.834816,0.148174,0.356579,1.18829,280.909,0.331522,0.833091,0.165202,0.172701,0.00432432,0.00432432,0.779634,0.987963,-0.0711748,0.26005,16.4132,4181.78,0.286351,0.908632,-0.0652062,0.251553,15.4009,3924.3,0.254284,0.917458,-0.0585393,0.0931425,0.0918919,23.4324,-0.000180213,0.99964
0.233691,0.410015,2.47604,609.055,0.344849,0.796559,0.204981,0.400443,2.92865,725.753,0.133345,0.817394,0.169768,0.17267,0.00486486,0.00486486,0.78154,0.986352,-0.0793,0.284275,16.2357,4135.38,0.394215,0.894838,-0.0652897,0.251673,13.5658,3455.47,0.306521,0.919967,-0.0374871,0.0901087,0.597297,152.311,0.579471,0.996039
0.568032,0.417499,4.46054,1099.91,0.136253,0.660443,0.480418,0.479047,5.64378,1392.76,0.0509424,0.621293,0.117143,0.0771705,0,0,1,1,-0.157364,0.360633,24.5153,6244.04,0.423034,0.835048,-0.135229,0.382356,29.2142,7438.19,0.330328,0.806882,-0.0193001,0.0312247,0,0,1,1
0.424658,0.39323,4.22523,1053.27,0.109427,0.772575,0.393425,0.445918,9.45081,2375.5,0.0541608,0.718606,0.0715953,0.0647274,0,0,1,1,-0.260107,0.366774,24.0456,6126.59,0.528858,0.825123,-0.237421,0.391719,30.0252,7648.97,0.436728,0.800596,-0.033588,0.0364211,0,0,1,1
0.129083,0.365576,5.67027,1428.99,0.49663,0.84854,0.122592,0.350858,4.79586,1205.92,0.366401,0.860461,0.112218,0.198424,0.00918919,0.00918919,0.787138,0.973512,-0.106743,0.302067,17.2405,4393.04,0.463134,0.886975,-0.089879,0.283163,16.5054,4205.77,0.402127,0.899542,-0.0779061,0.157758,2.52739,644.392,0.700842,0.977935
0.491361,0.440156,3.79081,936.68,0.0391551,0.680078,0.36817,0.472381,6.11622,1521.42,0.204416,0.681085,0.116707,0.0989804,0,0,1,1,-0.0232094,0.341356,14.4339,3666.5,0.267146,0.864637,-0.0291802,0.310797,16.0814,4087.54,0.203596,0.871912,-0.00544017,0.0284459,0,0,1,1
0.123904,0.327584,2.7173,679.044,0.39069,0.879212,0.105823,0.336031,4.23964,1065.23,0.372855,0.871178,0.170437,0.237232,0.0111712,0.0111712,0.832756,0.960291,-0.101838,0.290564,16.1346,4111.94,0.482066,0.895974,-0.0996821,0.296204,17.0977,4357.43,0.480965,0.890219,-0.102604,0.171897,2.80306,714.69,0.620189,0.979533
0.417965,0.44873,4.71117,1170.18,0.0645747,0.706341,0.318989,0.450959,4.57748,1134.95,0.0673238,0.731621,0.135835,0.120146,0,0,1,1,-0.0495976,0.316619,16.027,4076.27,0.229975,0.879629,-0.038253,0.271171,13.7241,3490.55,0.171219,0.902903,-0.00935189,0.0327415,0,0,1,1
0.136081,0.365609,3.19982,796.504,0.551996,0.836324,0.138626,0.355554,2.01045,491.43,0.39658,0.836077,0.159928,0.167009,0.00288288,0.00288288,0.678552,0.994061,-0.0959993,0.297162,17.7481,4522.01,0.419202,0.887631,-0.0749265,0.26495,17.009,4334.55,0.30422,0.906968,-0.0755104,0.113378,0.735135,187.459,0.634916,0.9946
0.233637,0.417382,4.32486,1076.98,0.211868,0.796799,0.199565,0.397699,2.12144,514.698,0.210971,0.809142,0.129197,0.127905,0,0,1,1,-0.108612,0.312833,19.4948,4966.87,0.395236,0.877483,-0.0926319,0.291571,19.7218,5025.17,0.327115,0.886977,-0.0446031,0.0632698,0,0,1,1
0.246435,0.440686,4.83297,1206.41,0.401426,0.762945,0.213851,0.407138,1.20018,280.829,0.292431,0.793368,0.185712,0.142978,0,0,1,1,-0.018703,0.28328,11.9798,3045.52,0.291543,0.897803,-0.0126156,0.220015,8.0164,2038,0.171085,0.938058,-0.00876583,0.0521887,0,0,1,1
0.316255,0.444016,7.78685,1955.62,0.241783,0.740644,0.24863,0.454702,12.1413,3067.19,0.166744,0.753732,0.0968792,0.0939379,0,0,1,1,-0.231762,0.383113,29.0523,7403.56,0.49571,0.802269,-0.186788,0.372875,27.8162,7086.68,0.425931,0.820346,-0.0574251,0.0547547,0,0,1,1
0.531244,0.419311,4.56775,1135.49,0.0101882,0.671683,0.402006,0.468714,6.85081,1709.25,0.225401,0.68187,0.0927374,0.0817477,0,0,1,1,-0.087307,0.384222,21.4514,5458.88,0.410033,0.827428,-0.0605295,0.348978,21.1838,5388.14,0.248261,0.843625,-0.00772429,0.0258906,0,0,1,1
0.220418,0.424085,4.96577,1241.56,0.366283,0.787128,0.190866,0.409908,3.5964,889.622,0.399277,0.792742,0.158494,0.162075,0,0,1,1,-0.106475,0.325517,20.1881,5142.89,0.433964,0.863895,-0.101418,0.305015,21.5142,5482.65,0.378172,0.872857,-0.062962,0.0795313,0,0,1,1
0.482103,0.445555,5.00847,1240.96,0.0909657,0.669097,0.386531,0.482174,6.77063,1685.83,0.0969228,0.665657,0.123595,0.0856668,0,0,1,1,-0.19844,0.392184,29.4355,7497.58,0.390328,0.805439,-0.15472,0.374469,30.9923,7894.83,0.310979,0.813666,-0.0309464,0.0372258,0,0,1,1
0.514433,0.446972,5.38234,1334.88,0.124713,0.662351,0.436926,0.486685,6.0564,1499.03,0.176827,0.642941,0.125633,0.101662,0,0,1,1,-0.102315,0.375007,22.878,5822,0.338801,0.831027,-0.0983747,0.351527,24.7077,6290.18,0.246084,0.841525,-0.0167063,0.0332223,0,0,1,1
0.149533,0.372301,5.35117,1346.15,0.361149,0.838994,0.121879,0.385349,8.20198,2072.19,0.362593,0.828673,0.173598,0.225562,0.00846847,0.00846847,0.8374,0.969289,-0.121765,0.329901,21.2407,5411.99,0.452486,0.86119,-0.121323,0.330288,21.9735,5599.17,0.455014,0.858342,-0.101776,0.156698,2.11351,538.946,0.605981,0.985264
0.18315,0.391723,3.16108,784.703,0.316784,0.813634,0.154041,0.362931,1.86198,456.362,0.26112,0.8473,0.164905,0.175317,0.00522523,0.00522523,0.761586,0.98635,-0.0704039,0.273552,14.6259,3725.5,0.417693,0.902884,-0.0522058,0.227069,11.6332,2963.85,0.32269,0.933075,-0.0427975,0.0912502,0.735135,187.459,0.527966,0.995499
0.182623,0.437929,8.64649,2177.12,0.327746,0.764742,0.159017,0.409407,7.21694,1814.55,0.302762,0.785162,0.0877159,0.111093,0.00108108,0.00108108,0.399459,0.998559,-0.168764,0.374004,26.9339,6864.25,0.486066,0.821944,-0.132694,0.349703,26.749,6817.11,0.432018,0.835117,-0.069613,0.0728013,0,0,1,1
0.177286,0.377827,2.20486,538.488,0.144143,0.822493,0.147991,0.355111,1.1836,280.904,0.248301,0.837541,0.148985,0.153382,0.00252252,0.00252252,0.648734,0.995139,-0.0640837,0.260165,14.8067,3771.54,0.323183,0.910964,-0.0593259,0.244588,13.0128,3315.06,0.340413,0.922627,-0.0503786,0.0899854,0.0918919,23.4324,-0.000180213,0.99964
0.519763,0.408673,4.16883,1030.05,0.0135124,0.697062,0.433441,0.461687,6.26144,1557.13,0.0942943,0.680879,0.103511,0.0853199,0,0,1,1,-0.1553,0.371496,25.4825,6489.9,0.38558,0.829357,-0.116189,0.355779,25.213,6418.05,0.270316,0.836793,-0.0199374,0.0313195,0,0,1,1
0.346178,0.481402,4.46036,1101.1,0.328231,0.66615,0.25539,0.435379,2.46775,597.011,0.185583,0.738519,0.146088,0.124687,0,0,1,1,-0.148465,0.389862,30.7611,7836.71,0.399813,0.800042,-0.10876,0.315708,23.5373,5998.07,0.361466,0.863425,-0.040436,0.0471043,0,0,1,1
0.574561,0.408263,3.84396,948.129,0.0157083,0.669484,0.463347,0.478076,6.26234,1556.12,0.0569718,0.639672,0.113755,0.0791206,0,0,1,1,-0.121636,0.355664,21.485,5470.59,0.391203,0.852441,-0.0520963,0.353478,19.3068,4907.59,0.251152,0.844208,-0.00962459,0.0266857,0,0,1,1
0.454518,0.459249,6.60847,1651.2,0.189428,0.691131,0.38998,0.486824,7.64865,1908.53,0.112341,0.669243,0.119936,0.102863,0,0,1,1,-0.0862443,0.366019,20.8551,5306.66,0.331422,0.841819,-0.0851527,0.348253,23.7901,6055.86,0.265253,0.841214,-0.0141101,0.0331168,0,0,1,1
0.218885,0.425184,3.63874,901.883,0.298626,0.760459,0.179114,0.387565,1.78559,432.945,0.174892,0.80469,0.195281,0.173409,0.00252252,0.00252252,0.729502,0.994062,-0.018855,0.25835,11.1494,2834.81,0.274036,0.912894,-0.0265072,0.224406,10.4942,2670.77,0.187336,0.932982,-0.0185045,0.0574159,0,0,1,1
0.306397,0.449459,1.57622,374.842,0.0551475,0.720793,0.22851,0.420872,1.56505,374.281,0.357568,0.769961,0.220967,0.176691,0,0,1,1,-0.0227609,0.285876,14.182,3607.98,0.29263,0.89117,-0.0163391,0.21498,9.80595,2495.12,0.170528,0.935274,-0.00125211,0.0468388,0,0,1,1
0.174749,0.380352,2.89495,714.141,0.276819,0.822707,0.148591,0.357288,1.41532,339.304,0.290669,0.835534,0.16355,0.172571,0.00216216,0.00216216,0.665582,0.995679,-0.0647973,0.2672,15.2223,3877.07,0.313425,0.906896,-0.0570684,0.241345,12.9207,3291.72,0.330699,0.924048,-0.0548618,0.0928405,0.0918919,23.4324,-0.000180213,0.99964
0.467532,0.425533,3.96865,983.631,0.116416,0.713301,0.381739,0.460417,6.04595,1510.32,0.133097,0.70859,0.107551,0.09573,0,0,1,1,0.00682285,0.318109,10.2987,2611.67,0.28467,0.884467,0.000724091,0.279755,11.165,2834.36,0.131546,0.897213,0.00109542,0.0251875,0,0,1,1
0.311603,0.452429,3.28829,807.53,0.218211,0.729349,0.277964,0.441041,1.22126,280.942,0.140826,0.731828,0.204709,0.162402,0.00216216,0.00216216,0.726187,0.99496,-0.0365393,0.272328,13.3515,3397.46,0.221583,0.907848,-0.0379596,0.262441,13.5353,3444.14,0.194795,0.909468,-0.0208716,0.0533356,0,0,1,1
0.233492,0.443389,7.82505,1966.51,0.284338,0.760791,0.21013,0.418536,4.65081,1158.54,0.159184,0.787198,0.153475,0.165243,0.00396396,0.00396396,0.736098,0.99047,-0.0644379,0.316897,17.9571,4568.63,0.308475,0.869055,-0.0713691,0.285811,17.7539,4521.56,0.313489,0.890439,-0.0318597,0.064599,0,0,1,1
0.376882,0.448599,6.69766,1674.17,0.169058,0.709361,0.303703,0.460346,7.77063,1943.3,0.162522,0.723434,0.104045,0.0849845,0,0,1,1,-0.159624,0.372981,28.5094,7263.25,0.42821,0.812217,-0.109375,0.348443,25.8971,6594.43,0.313041,0.836164,-0.0318214,0.0394605,0,0,1,1
0.559994,0.413093,4.49369,1111.7,0.0112795,0.674561,0.477463,0.473589,6.19604,1533.35,0.00182452,0.627353,0.113481,0.080695,0,0,1,1,-0.155236,0.366424,24.1982,6162.21,0.392123,0.836229,-0.146896,0.385053,31.6447,8058.23,0.294358,0.802278,-0.021001,0.0310975,0,0,1,1
0.538846,0.407113,5.58703,1392.61,0.119951,0.691718,0.464285,0.470261,7.15459,1779.3,0.149937,0.647145,0.0944532,0.0760585,0,0,1,1,-0.122918,0.367513,22.5951,5752.15,0.373702,0.839899,-0.08773,0.373429,24.1769,6148.96,0.26825,0.820848,-0.0129562,0.0284574,0,0,1,1
0.142182,0.366819,4.06342,1018.74,0.284613,0.838946,0.124691,0.35264,4.79928,1205.92,0.179599,0.84708,0.120317,0.156792,0,0,1,1,-0.122669,0.320563,18.6121,4744.34,0.557742,0.870022,-0.0980039,0.299165,17.9706,4580.22,0.489213,0.883854,-0.0876634,0.0862918,0,0,1,1
0.454551,0.450355,3.24414,796.09,0.0739218,0.68017,0.324781,0.468847,5.8645,1463.09,0.160152,0.701491,0.129013,0.0985978,0,0,1,1,-0.0104563,0.328949,12.8249,3256.06,0.302498,0.873908,0.00926611,0.295363,11.8162,2998.49,0.160962,0.882439,-0.00102332,0.0296099,0,0,1,1
0.24672,0.420007,3.35964,830.393,0.0955431,0.790092,0.205382,0.403185,2.29423,561.918,0.13857,0.811805,0.140825,0.117224,0,0,1,1,-0.0362524,0.262911,12.3865,3151.41,0.297246,0.909929,-0.0298532,0.2209,10.1695,2588.57,0.176108,0.936881,-0.0138506,0.0423864,0,0,1,1
0.455413,0.494976,7.54631,1884.81,0.140936,0.629864,0.303996,0.468578,4.0955,1006.91,0.250113,0.703187,0.135866,0.0947758,0,0,1,1,-0.0128962,0.370386,18.8499,4790.34,0.287163,0.831851,-0.00479179,0.260698,9.36847,2377.52,0.172647,0.909535,-0.00120095,0.0335023,0,0,1,1
0.272193,0.449858,4.79892,1194.16,0.217476,0.740446,0.219225,0.41898,2.94937,725.774,0.133132,0.777457,0.17035,0.157079,0.00234234,0.00234234,0.743921,0.994242,-0.0211818,0.291368,12.9505,3291.47,0.312522,0.891173,-0.0294101,0.244352,11.647,2963.4,0.188489,0.921792,-0.0160356,0.0538149,0,0,1,1
0.193852,0.459898,10.7168,2705.54,0.423951,0.752988,0.137095,0.451223,15.3939,3898.85,0.341188,0.761634,0.0691002,0.0807375,0,0,1,1,-0.253729,0.409089,34.3798,8762.55,0.516919,0.761886,-0.182667,0.392458,34.389,8762.29,0.408719,0.783698,-0.0620544,0.0534182,0,0,1,1
0.364376,0.457318,7.61333,1908.59,0.233088,0.706769,0.293743,0.455785,7.81243,1954.83,0.221768,0.72979,0.0931166,0.0813265,0,0,1,1,-0.172831,0.388355,28.4661,7251.17,0.455213,0.801743,-0.127362,0.343216,27.3607,6969.25,0.294202,0.838163,-0.030013,0.0385993,0,0,1,1
0.336132,0.406931,6.75964,1698.03,0.13828,0.783137,0.276863,0.445702,14.1517,3582.6,0.116615,0.785212,0.0754122,0.0794053,0,0,1,1,-0.187899,0.347735,23.6769,6033.13,0.487373,0.839822,-0.163056,0.360645,25.9874,6618.68,0.355116,0.832508,-0.0301804,0.0390721,0,0,1,1
0.141921,0.346196,1.86288,456.82,0.166451,0.848652,0.121276,0.331567,2.59604,643.912,0.0630177,0.858687,0.133758,0.15576,0,0,1,1,-0.107578,0.301086,17.0488,4346.35,0.559013,0.882437,-0.0885658,0.279011,15.9928,4076.7,0.510886,0.896625,-0.0951713,0.0899743,0,0,1,1
0.35673,0.453157,5.55027,1382,0.302295,0.710306,0.295333,0.439786,5.08595,1264.29,0.195699,0.748886,0.0993332,0.0830263,0,0,1,1,-0.158389,0.378791,27.9593,7121.93,0.414721,0.814091,-0.127939,0.331939,25.1964,6419.41,0.347976,0.849648,-0.0306843,0.038941,0,0,1,1
0.178694,0.402742,3.86288,960.642,0.361095,0.780305,0.154268,0.40177,5.93207,1487.42,0.356056,0.784453,0.130811,0.142571,0.00108108,0.00108108,0.570887,0.998199,-0.145451,0.342629,26.2414,6689.42,0.449916,0.840817,-0.12983,0.336236,26.9328,6864.89,0.385727,0.845192,-0.0890246,0.088875,0,0,1,1
0.323864,0.402185,6.11568,1533.91,0.142626,0.806893,0.300789,0.454388,14.0605,3558.99,0.0558624,0.769884,0.0898218,0.0876391,0,0,1,1,-0.177636,0.328084,21.5175,5482.38,0.389266,0.869321,-0.176491,0.373173,26.9077,6852.55,0.356512,0.824554,-0.0381608,0.0443782,0,0,1,1
0.362176,0.483727,6.3427,1580.82,0.308291,0.675835,0.278641,0.446652,3.43712,842.873,0.115014,0.735785,0.138579,0.102097,0,0,1,1,-0.130258,0.371238,27.1777,6922.48,0.369218,0.823904,-0.101425,0.314277,22.9009,5833.78,0.308396,0.865614,-0.0343145,0.0414149,0,0,1,1
0.405808,0.452071,8.99045,2259.98,0.123519,0.703033,0.30267,0.498202,15.7978,3991.33,0.180071,0.691779,0.0857371,0.0781273,0,0,1,1,-0.336957,0.410566,36.311,9254.82,0.53018,0.742275,-0.266245,0.430835,41.7877,10647.1,0.408637,0.734288,-0.0545579,0.0473766,0,0,1,1
0.166578,0.386852,6.64613,1674.67,0.42144,0.832896,0.159302,0.384551,6.73856,1697.92,0.272262,0.831319,0.0925171,0.128938,0.00108108,0.00108108,0.570887,0.998199,-0.131911,0.326256,20.6897,5271.76,0.437594,0.866164,-0.107976,0.295744,19.0335,4850.34,0.356733,0.889858,-0.0460669,0.0667282,0.0918919,23.4324,0.49982,0.99946
0.236798,0.438938,6.62901,1661.98,0.254852,0.756349,0.195853,0.42575,6.98991,1756.07,0.304139,0.772077,0.109648,0.109496,0,0,1,1,-0.222204,0.396714,30.1912,7696.28,0.557429,0.783883,-0.169075,0.366846,28.9995,7391.57,0.46895,0.815442,-0.0855373,0.0769729,0,0,1,1
0.464913,0.444617,3.97045,983.358,0.116489,0.693986,0.368453,0.473003,5.78937,1439.77,0.184113,0.683733,0.118189,0.0993094,0,0,1,1,-0.024901,0.314401,13.3694,3396.47,0.244349,0.885203,-0.0180789,0.292794,14.244,3619.08,0.168642,0.88334,-0.00279078,0.0279843,0,0,1,1
0.408528,0.459146,5.35838,1334.76,0.0385795,0.697187,0.266303,0.438297,4.61928,1146.93,0.116031,0.762814,0.116119,0.0923403,0,0,1,1,0.0118219,0.32909,11.493,2916.29,0.361912,0.871915,-0.00680596,0.24669,9.54396,2424.83,0.175465,0.919084,0.00178791,0.0293159,0,0,1,1
0.162414,0.393873,3.80541,948.548,0.417843,0.801696,0.134476,0.360723,2.56216,632.299,0.432489,0.829305,0.137416,0.150513,0,0,1,1,-0.0965,0.300952,19.1238,4873.77,0.445983,0.880349,-0.078619,0.275759,17.6052,4486.77,0.397568,0.896478,-0.0695644,0.0787942,0,0,1,1
0.2687,0.447658,7.78523,1954.98,0.235336,0.735887,0.2187,0.41921,5.98252,1498.86,0.197745,0.78051,0.122979,0.12442,0,0,1,1,-0.149505,0.367143,25.5645,6513.04,0.475135,0.82233,-0.108054,0.313336,21.6103,5505.81,0.382533,0.868063,-0.0495315,0.0604416,0,0,1,1
0.269724,0.442866,6.08108,1522.58,0.295894,0.746689,0.195105,0.4314,9.34523,2353.42,0.255493,0.769636,0.0916024,0.0861881,0,0,1,1,-0.26427,0.410013,34.0573,8681.09,0.535439,0.758031,-0.21108,0.395991,33.785,8609.69,0.452729,0.781838,-0.0814969,0.0641354,0,0,1,1
